review_id,candidate_position,fact_id,fact_text,metric,period,value,unit,scope,source_file_hint,manual_is_source,manual_note
SR-001,1,营业收入@上期,subject=公司；metric=营业收入；period=上期；unit=元；scope=合并,营业收入,上期,2823166116.56,元,合并,答辩评测\annual_reports_final,,
SR-001,2,归属于上市公司股东的净利润,subject=公司；metric=归属于上市公司股东的净利润；period=本期；unit=元；scope=未标明,归属于上市公司股东的净利润,本期,217238675.34,元,未标明,答辩评测\annual_reports_final,,
SR-001,3,归属于上市公司股东的扣除非经常性损益的净利润,subject=公司；metric=归属于上市公司股东的扣除非经常性损益的净利润；period=本期；unit=元；scope=合并,归属于上市公司股东的扣除非经常性损益的净利润,本期,158207862.82,元,合并,答辩评测\annual_reports_final,,
SR-001,4,经营活动产生的现金流量净额,subject=公司；metric=经营活动产生的现金流量净额；period=本期；unit=元；scope=未标明,经营活动产生的现金流量净额,本期,463350233.52,元,未标明,答辩评测\annual_reports_final,,
SR-001,5,归属于上市公司股东的净资产,subject=公司；metric=归属于上市公司股东的净资产；period=本期；unit=元；scope=未标明,归属于上市公司股东的净资产,本期,3098741980.95,元,未标明,答辩评测\annual_reports_final,,
SR-001,6,总资产,subject=公司；metric=总资产；period=本期；unit=元；scope=未标明,总资产,本期,4553266402.27,元,未标明,答辩评测\annual_reports_final,,
SR-001,7,基本每股收益（元／股）,subject=公司；metric=基本每股收益（元／股）；period=本期；unit=元；scope=未标明,基本每股收益（元／股）,本期,0.7,元,未标明,答辩评测\annual_reports_final,,
SR-001,8,营业成本,subject=公司；metric=营业成本；period=本期；unit=元；scope=未标明,营业成本,本期,1470719345.23,元,未标明,答辩评测\annual_reports_final,,
SR-001,9,销售费用,subject=公司；metric=销售费用；period=本期；unit=元；scope=未标明,销售费用,本期,291983810.47,元,未标明,答辩评测\annual_reports_final,,
SR-001,10,管理费用,subject=公司；metric=管理费用；period=本期；unit=元；scope=未标明,管理费用,本期,153657242.12,元,未标明,答辩评测\annual_reports_final,,
SR-001,11,财务费用,subject=公司；metric=财务费用；period=本期；unit=元；scope=未标明,财务费用,本期,33798023.2,元,未标明,答辩评测\annual_reports_final,,
SR-001,12,营业收入,subject=公司；metric=营业收入；period=本期；unit=元；scope=合并,营业收入,本期,2264832923.68,元,合并,答辩评测\annual_reports_final,,
SR-002,1,营业收入,subject=公司；metric=营业收入；period=本期；unit=元；scope=合并,营业收入,本期,480533586.06,元,合并,答辩评测\annual_reports_final,,
SR-002,2,扣除与主营业务无关的业务收入和不具备商业实质的收入后的营业收入,subject=公司；metric=扣除与主营业务无关的业务收入和不具备商业实质的收入后的营业收入；period=本期；unit=元；scope=未标明,扣除与主营业务无关的业务收入和不具备商业实质的收入后的营业收入,本期,480533586.06,元,未标明,答辩评测\annual_reports_final,,
SR-002,3,归属于上市公司股东的净利润,subject=公司；metric=归属于上市公司股东的净利润；period=本期；unit=元；scope=未标明,归属于上市公司股东的净利润,本期,-15664393.2,元,未标明,答辩评测\annual_reports_final,,
SR-002,4,归属于上市公司股东的扣除非经常性损益的净利润,subject=公司；metric=归属于上市公司股东的扣除非经常性损益的净利润；period=本期；unit=元；scope=合并,归属于上市公司股东的扣除非经常性损益的净利润,本期,-31111206.66,元,合并,答辩评测\annual_reports_final,,
SR-002,5,经营活动产生的现金流量净额,subject=公司；metric=经营活动产生的现金流量净额；period=本期；unit=元；scope=未标明,经营活动产生的现金流量净额,本期,-68337733.37,元,未标明,答辩评测\annual_reports_final,,
SR-002,6,归属于上市公司股东的净资产,subject=公司；metric=归属于上市公司股东的净资产；period=本期；unit=元；scope=未标明,归属于上市公司股东的净资产,本期,857897040.04,元,未标明,答辩评测\annual_reports_final,,
SR-002,7,总资产,subject=公司；metric=总资产；period=本期；unit=元；scope=未标明,总资产,本期,988155339.48,元,未标明,答辩评测\annual_reports_final,,
SR-002,8,营业收入@32页,subject=公司；metric=营业收入；period=本期；unit=元；scope=未标明,营业收入,本期,480533586.06,元,未标明,答辩评测\annual_reports_final,,
SR-002,9,营业成本,subject=公司；metric=营业成本；period=本期；unit=元；scope=未标明,营业成本,本期,250128280.77,元,未标明,答辩评测\annual_reports_final,,
SR-002,10,销售费用,subject=公司；metric=销售费用；period=本期；unit=元；scope=合并,销售费用,本期,138649072.56,元,合并,答辩评测\annual_reports_final,,
SR-002,11,管理费用,subject=公司；metric=管理费用；period=本期；unit=元；scope=未标明,管理费用,本期,31449684.46,元,未标明,答辩评测\annual_reports_final,,
SR-002,12,财务费用,subject=公司；metric=财务费用；period=本期；unit=元；scope=未标明,财务费用,本期,-3375600.81,元,未标明,答辩评测\annual_reports_final,,
SR-002,13,营业收入@8页,subject=公司；metric=营业收入；period=本期；unit=元；scope=未标明,营业收入,本期,480533586.06,元,未标明,答辩评测\annual_reports_final,,
SR-002,14,销售费用@37页,subject=公司；metric=销售费用；period=本期；unit=元；scope=未标明,销售费用,本期,138649072.56,元,未标明,答辩评测\annual_reports_final,,
SR-002,15,研发费用@上期,subject=公司；metric=研发费用；period=上期；unit=元；scope=合并,研发费用,上期,85700934.63,元,合并,答辩评测\annual_reports_final,,
SR-002,16,投资活动产生的现金流量净额,subject=公司；metric=投资活动产生的现金流量净额；period=本期；unit=元；scope=未标明,投资活动产生的现金流量净额,本期,-3449972.32,元,未标明,答辩评测\annual_reports_final,,
SR-002,17,筹资活动产生的现金流量净额,subject=公司；metric=筹资活动产生的现金流量净额；period=本期；unit=元；scope=未标明,筹资活动产生的现金流量净额,本期,-5115041.56,元,未标明,答辩评测\annual_reports_final,,
SR-002,18,销售费用@32页,subject=公司；metric=销售费用；period=本期；unit=元；scope=未标明,销售费用,本期,138649072.56,元,未标明,答辩评测\annual_reports_final,,
SR-002,19,研发费用,subject=公司；metric=研发费用；period=本期；unit=元；scope=合并,研发费用,本期,105659677.21,元,合并,答辩评测\annual_reports_final,,
SR-003,1,营业收入,subject=公司；metric=营业收入；period=本期；unit=元；scope=合并,营业收入,本期,7579176818.23,元,合并,答辩评测\annual_reports_final,,
SR-003,2,营业成本,subject=公司；metric=营业成本；period=本期；unit=元；scope=未标明,营业成本,本期,6968223829.87,元,未标明,答辩评测\annual_reports_final,,
SR-003,3,销售费用,subject=公司；metric=销售费用；period=本期；unit=元；scope=未标明,销售费用,本期,17546529.56,元,未标明,答辩评测\annual_reports_final,,
SR-003,4,管理费用,subject=公司；metric=管理费用；period=本期；unit=元；scope=未标明,管理费用,本期,57395447.72,元,未标明,答辩评测\annual_reports_final,,
SR-003,5,财务费用,subject=公司；metric=财务费用；period=本期；unit=元；scope=未标明,财务费用,本期,-75756758.71,元,未标明,答辩评测\annual_reports_final,,
SR-003,6,研发费用,subject=公司；metric=研发费用；period=本期；unit=元；scope=未标明,研发费用,本期,255807852.7,元,未标明,答辩评测\annual_reports_final,,
SR-003,7,经营活动产生的现金流量净额@上期,subject=公司；metric=经营活动产生的现金流量净额；period=上期；unit=元；scope=合并,经营活动产生的现金流量净额,上期,1372934675.85,元,合并,答辩评测\annual_reports_final,,
SR-003,8,经营活动产生的现金流量净额,subject=公司；metric=经营活动产生的现金流量净额；period=本期；unit=元；scope=合并,经营活动产生的现金流量净额,本期,486338403.93,元,合并,答辩评测\annual_reports_final,,
SR-004,1,营业收入,subject=公司；metric=营业收入；period=本期；unit=元；scope=合并,营业收入,本期,9603312018.03,元,合并,答辩评测\annual_reports_final,,
SR-004,2,扣除与主营业务无关的业务收入和不具备商业实质的收入后的营业收入,subject=公司；metric=扣除与主营业务无关的业务收入和不具备商业实质的收入后的营业收入；period=本期；unit=元；scope=未标明,扣除与主营业务无关的业务收入和不具备商业实质的收入后的营业收入,本期,9317329121.42,元,未标明,答辩评测\annual_reports_final,,
SR-004,3,归属于上市公司股东的净利润,subject=公司；metric=归属于上市公司股东的净利润；period=本期；unit=元；scope=未标明,归属于上市公司股东的净利润,本期,-2270149162.12,元,未标明,答辩评测\annual_reports_final,,
SR-004,4,归属于上市公司股东的扣除非经常性损益的净利润,subject=公司；metric=归属于上市公司股东的扣除非经常性损益的净利润；period=本期；unit=元；scope=未标明,归属于上市公司股东的扣除非经常性损益的净利润,本期,-2303726096.57,元,未标明,答辩评测\annual_reports_final,,
SR-004,5,经营活动产生的现金流量净额,subject=公司；metric=经营活动产生的现金流量净额；period=本期；unit=元；scope=合并,经营活动产生的现金流量净额,本期,-893852305.39,元,合并,答辩评测\annual_reports_final,,
SR-004,6,归属于上市公司股东的净资产,subject=公司；metric=归属于上市公司股东的净资产；period=本期；unit=元；scope=未标明,归属于上市公司股东的净资产,本期,532930205.76,元,未标明,答辩评测\annual_reports_final,,
SR-004,7,总资产,subject=公司；metric=总资产；period=本期；unit=元；scope=未标明,总资产,本期,19839995842.79,元,未标明,答辩评测\annual_reports_final,,
SR-004,8,营业收入@9页,subject=公司；metric=营业收入；period=本期；unit=元；scope=未标明,营业收入,本期,9603312018.03,元,未标明,答辩评测\annual_reports_final,,
SR-004,9,经营活动产生的现金流量净额@9页,subject=公司；metric=经营活动产生的现金流量净额；period=本期；unit=元；scope=未标明,经营活动产生的现金流量净额,本期,-893852305.39,元,未标明,答辩评测\annual_reports_final,,
SR-004,10,营业成本,subject=公司；metric=营业成本；period=本期；unit=元；scope=合并,营业成本,本期,10786509228.01,元,合并,答辩评测\annual_reports_final,,
SR-004,11,销售费用,subject=公司；metric=销售费用；period=本期；unit=元；scope=未标明,销售费用,本期,12357958.46,元,未标明,答辩评测\annual_reports_final,,
SR-004,12,管理费用,subject=公司；metric=管理费用；period=本期；unit=元；scope=未标明,管理费用,本期,134756703.0,元,未标明,答辩评测\annual_reports_final,,
SR-004,13,研发费用,subject=公司；metric=研发费用；period=本期；unit=元；scope=未标明,研发费用,本期,19732317.96,元,未标明,答辩评测\annual_reports_final,,
SR-004,14,营业收入@5页,subject=公司；metric=营业收入；period=本期；unit=元；scope=未标明,营业收入,本期,9603312018.03,元,未标明,答辩评测\annual_reports_final,,
SR-004,15,财务费用@上期,subject=公司；metric=财务费用；period=上期；unit=元；scope=合并,财务费用,上期,488325242.03,元,合并,答辩评测\annual_reports_final,,
SR-004,16,经营活动产生的现金流量净额@5页,subject=公司；metric=经营活动产生的现金流量净额；period=本期；unit=元；scope=未标明,经营活动产生的现金流量净额,本期,-893852305.39,元,未标明,答辩评测\annual_reports_final,,
SR-004,17,投资活动产生的现金流量净额,subject=公司；metric=投资活动产生的现金流量净额；period=本期；unit=元；scope=合并,投资活动产生的现金流量净额,本期,-1037082295.1,元,合并,答辩评测\annual_reports_final,,
SR-004,18,财务费用,subject=公司；metric=财务费用；period=本期；unit=元；scope=合并,财务费用,本期,510822289.52,元,合并,答辩评测\annual_reports_final,,
SR-005,1,营业收入@上期,subject=公司；metric=营业收入；period=上期；unit=元；scope=合并,营业收入,上期,21605254989.12,元,合并,答辩评测\annual_reports_final,,
SR-005,2,归属于上市公司股东的净利润,subject=公司；metric=归属于上市公司股东的净利润；period=本期；unit=元；scope=未标明,归属于上市公司股东的净利润,本期,534827894.69,元,未标明,答辩评测\annual_reports_final,,
SR-005,3,归属于上市公司股东的扣除非经常性损益的净利润,subject=公司；metric=归属于上市公司股东的扣除非经常性损益的净利润；period=本期；unit=元；scope=未标明,归属于上市公司股东的扣除非经常性损益的净利润,本期,479750708.63,元,未标明,答辩评测\annual_reports_final,,
SR-005,4,经营活动产生的现金流量净额,subject=公司；metric=经营活动产生的现金流量净额；period=本期；unit=元；scope=未标明,经营活动产生的现金流量净额,本期,1132785474.49,元,未标明,答辩评测\annual_reports_final,,
SR-005,5,归属于上市公司股东的净资产,subject=公司；metric=归属于上市公司股东的净资产；period=本期；unit=元；scope=未标明,归属于上市公司股东的净资产,本期,6549115894.36,元,未标明,答辩评测\annual_reports_final,,
SR-005,6,总资产,subject=公司；metric=总资产；period=本期；unit=元；scope=合并,总资产,本期,20239346472.95,元,合并,答辩评测\annual_reports_final,,
SR-005,7,基本每股收益（元／股）,subject=公司；metric=基本每股收益（元／股）；period=本期；unit=元；scope=未标明,基本每股收益（元／股）,本期,0.61,元,未标明,答辩评测\annual_reports_final,,
SR-005,8,营业收入,subject=公司；metric=营业收入；period=本期；unit=元；scope=合并,营业收入,本期,19064056209.04,元,合并,答辩评测\annual_reports_final,,
SR-006,1,营业收入@上期,subject=公司；metric=营业收入；period=上期；unit=元；scope=合并,营业收入,上期,5457541664.64,元,合并,答辩评测\annual_reports_final,,
SR-006,2,营业成本,subject=公司；metric=营业成本；period=本期；unit=元；scope=未标明,营业成本,本期,5659373161.8,元,未标明,答辩评测\annual_reports_final,,
SR-006,3,营业收入,subject=公司；metric=营业收入；period=本期；unit=元；scope=合并,营业收入,本期,6037020433.37,元,合并,答辩评测\annual_reports_final,,
SR-007,1,营业收入（元）@上期,subject=公司；metric=营业收入（元）；period=上期；unit=元；scope=合并,营业收入（元）,上期,570218980.89,元,合并,答辩评测\annual_reports_final,,
SR-007,2,归属于上市公司股东的净利润（元）,subject=公司；metric=归属于上市公司股东的净利润（元）；period=本期；unit=元；scope=未标明,归属于上市公司股东的净利润（元）,本期,62548942.11,元,未标明,答辩评测\annual_reports_final,,
SR-007,3,归属于上市公司股东的扣除非经常性损益的净利润（元）,subject=公司；metric=归属于上市公司股东的扣除非经常性损益的净利润（元）；period=本期；unit=元；scope=合并,归属于上市公司股东的扣除非经常性损益的净利润（元）,本期,65258799.25,元,合并,答辩评测\annual_reports_final,,
SR-007,4,经营活动产生的现金流量净额（元）,subject=公司；metric=经营活动产生的现金流量净额（元）；period=本期；unit=元；scope=未标明,经营活动产生的现金流量净额（元）,本期,75747157.95,元,未标明,答辩评测\annual_reports_final,,
SR-007,5,基本每股收益（元/股）,subject=公司；metric=基本每股收益（元/股）；period=本期；unit=元；scope=未标明,基本每股收益（元/股）,本期,0.43,元,未标明,答辩评测\annual_reports_final,,
SR-007,6,稀释每股收益（元/股）,subject=公司；metric=稀释每股收益（元/股）；period=本期；unit=元；scope=未标明,稀释每股收益（元/股）,本期,0.43,元,未标明,答辩评测\annual_reports_final,,
SR-007,7,加权平均净资产收益率,subject=公司；metric=加权平均净资产收益率；period=本期；unit=元；scope=未标明,加权平均净资产收益率,本期,6.94,元,未标明,答辩评测\annual_reports_final,,
SR-007,8,资产总额（元）,subject=公司；metric=资产总额（元）；period=本期；unit=元；scope=合并,资产总额（元）,本期,1125628141.88,元,合并,答辩评测\annual_reports_final,,
SR-007,9,营业收入（元）,subject=公司；metric=营业收入（元）；period=本期；unit=元；scope=合并,营业收入（元）,本期,625656693.47,元,合并,答辩评测\annual_reports_final,,
SR-008,1,营业收入@上期,subject=公司；metric=营业收入；period=上期；unit=元；scope=合并,营业收入,上期,4852501484.56,元,合并,答辩评测\annual_reports_final,,
SR-008,2,扣除与主营业务无关的业务收入和不具备商业实质的收入后的营业收入,subject=公司；metric=扣除与主营业务无关的业务收入和不具备商业实质的收入后的营业收入；period=本期；unit=元；scope=未标明,扣除与主营业务无关的业务收入和不具备商业实质的收入后的营业收入,本期,3960324581.77,元,未标明,答辩评测\annual_reports_final,,
SR-008,3,归属于上市公司股东的净利润,subject=公司；metric=归属于上市公司股东的净利润；period=本期；unit=元；scope=未标明,归属于上市公司股东的净利润,本期,-304181026.11,元,未标明,答辩评测\annual_reports_final,,
SR-008,4,营业成本,subject=公司；metric=营业成本；period=本期；unit=元；scope=未标明,营业成本,本期,2745430855.87,元,未标明,答辩评测\annual_reports_final,,
SR-008,5,销售费用,subject=公司；metric=销售费用；period=本期；unit=元；scope=未标明,销售费用,本期,799374506.57,元,未标明,答辩评测\annual_reports_final,,
SR-008,6,管理费用,subject=公司；metric=管理费用；period=本期；unit=元；scope=未标明,管理费用,本期,350883589.21,元,未标明,答辩评测\annual_reports_final,,
SR-008,7,财务费用,subject=公司；metric=财务费用；period=本期；unit=元；scope=未标明,财务费用,本期,238876335.62,元,未标明,答辩评测\annual_reports_final,,
SR-008,8,研发费用,subject=公司；metric=研发费用；period=本期；unit=元；scope=未标明,研发费用,本期,83128280.89,元,未标明,答辩评测\annual_reports_final,,
SR-008,9,经营活动产生的现金流量净额,subject=公司；metric=经营活动产生的现金流量净额；period=本期；unit=元；scope=未标明,经营活动产生的现金流量净额,本期,773092089.69,元,未标明,答辩评测\annual_reports_final,,
SR-008,10,营业收入,subject=公司；metric=营业收入；period=本期；unit=元；scope=合并,营业收入,本期,4027760104.41,元,合并,答辩评测\annual_reports_final,,
SR-009,1,营业收入,subject=公司；metric=营业收入；period=本期；unit=元；scope=合并,营业收入,本期,164412273.1,元,合并,答辩评测\annual_reports_final,,
SR-009,2,扣除与主营业务无关的业务收入和不具备商业实质的收入后的营业收入,subject=公司；metric=扣除与主营业务无关的业务收入和不具备商业实质的收入后的营业收入；period=本期；unit=元；scope=未标明,扣除与主营业务无关的业务收入和不具备商业实质的收入后的营业收入,本期,162757440.65,元,未标明,答辩评测\annual_reports_final,,
SR-009,3,归属于上市公司股东的扣除非经常性损益的净利润,subject=公司；metric=归属于上市公司股东的扣除非经常性损益的净利润；period=本期；unit=元；scope=未标明,归属于上市公司股东的扣除非经常性损益的净利润,本期,-10298455.81,元,未标明,答辩评测\annual_reports_final,,
SR-009,4,经营活动产生的现金流量净额,subject=公司；metric=经营活动产生的现金流量净额；period=本期；unit=元；scope=未标明,经营活动产生的现金流量净额,本期,17191765.24,元,未标明,答辩评测\annual_reports_final,,
SR-009,5,归属于上市公司股东的净资产,subject=公司；metric=归属于上市公司股东的净资产；period=本期；unit=元；scope=未标明,归属于上市公司股东的净资产,本期,962741641.49,元,未标明,答辩评测\annual_reports_final,,
SR-009,6,总资产,subject=公司；metric=总资产；period=本期；unit=元；scope=未标明,总资产,本期,1054715696.08,元,未标明,答辩评测\annual_reports_final,,
SR-009,7,归属于上市公司股东的净利润@上期,subject=公司；metric=归属于上市公司股东的净利润；period=上期；unit=元；scope=合并,归属于上市公司股东的净利润,上期,23331394.53,元,合并,答辩评测\annual_reports_final,,
SR-009,8,归属于上市公司股东的净利润,subject=公司；metric=归属于上市公司股东的净利润；period=本期；unit=元；scope=合并,归属于上市公司股东的净利润,本期,8259296.58,元,合并,答辩评测\annual_reports_final,,
SR-010,1,研发费用,subject=公司；metric=研发费用；period=本期；unit=元；scope=合并,研发费用,本期,32321446.61,元,合并,答辩评测\annual_reports_final,,
SR-010,2,销售费用,subject=公司；metric=销售费用；period=本期；unit=元；scope=未标明,销售费用,本期,18403811.91,元,未标明,答辩评测\annual_reports_final,,
SR-010,3,管理费用,subject=公司；metric=管理费用；period=本期；unit=元；scope=未标明,管理费用,本期,31816544.55,元,未标明,答辩评测\annual_reports_final,,
SR-010,4,财务费用,subject=公司；metric=财务费用；period=本期；unit=元；scope=未标明,财务费用,本期,-14996150.44,元,未标明,答辩评测\annual_reports_final,,
SR-010,5,投资活动产生的现金流量净额,subject=公司；metric=投资活动产生的现金流量净额；period=本期；unit=元；scope=合并,投资活动产生的现金流量净额,本期,-47804723.63,元,合并,答辩评测\annual_reports_final,,
SR-010,6,经营活动现金流入小计,subject=公司；metric=经营活动现金流入小计；period=本期；unit=元；scope=未标明,经营活动现金流入小计,本期,410345316.74,元,未标明,答辩评测\annual_reports_final,,
SR-010,7,经营活动现金流出小计,subject=公司；metric=经营活动现金流出小计；period=本期；unit=元；scope=未标明,经营活动现金流出小计,本期,335321556.45,元,未标明,答辩评测\annual_reports_final,,
SR-010,8,经营活动产生的现金流量净额,subject=公司；metric=经营活动产生的现金流量净额；period=本期；unit=元；scope=未标明,经营活动产生的现金流量净额,本期,75023760.29,元,未标明,答辩评测\annual_reports_final,,
SR-010,9,投资活动现金流入小计,subject=公司；metric=投资活动现金流入小计；period=本期；unit=元；scope=未标明,投资活动现金流入小计,本期,41836636.33,元,未标明,答辩评测\annual_reports_final,,
SR-010,10,投资活动现金流出小计,subject=公司；metric=投资活动现金流出小计；period=本期；unit=元；scope=未标明,投资活动现金流出小计,本期,89641359.96,元,未标明,答辩评测\annual_reports_final,,
SR-010,11,筹资活动现金流入小计@上期,subject=公司；metric=筹资活动现金流入小计；period=上期；unit=元；scope=合并,筹资活动现金流入小计,上期,776010063.47,元,合并,答辩评测\annual_reports_final,,
SR-010,12,现金及现金等价物净增加额,subject=公司；metric=现金及现金等价物净增加额；period=本期；unit=元；scope=合并,现金及现金等价物净增加额,本期,-59049204.7,元,合并,答辩评测\annual_reports_final,,
SR-010,13,筹资活动现金流入小计,subject=公司；metric=筹资活动现金流入小计；period=本期；unit=元；scope=合并,筹资活动现金流入小计,本期,90600969.63,元,合并,答辩评测\annual_reports_final,,
SR-011,1,营业收入@上期,subject=公司；metric=营业收入；period=上期；unit=元；scope=合并,营业收入,上期,1398284999.28,元,合并,答辩评测\annual_reports_final,,
SR-011,2,归属于上市公司股东的净利润,subject=公司；metric=归属于上市公司股东的净利润；period=本期；unit=元；scope=合并,归属于上市公司股东的净利润,本期,143556293.25,元,合并,答辩评测\annual_reports_final,,
SR-011,3,归属于上市公司股东的扣除非经常性损益的净利润,subject=公司；metric=归属于上市公司股东的扣除非经常性损益的净利润；period=本期；unit=元；scope=未标明,归属于上市公司股东的扣除非经常性损益的净利润,本期,139891611.56,元,未标明,答辩评测\annual_reports_final,,
SR-011,4,经营活动产生的现金流量净额,subject=公司；metric=经营活动产生的现金流量净额；period=本期；unit=元；scope=未标明,经营活动产生的现金流量净额,本期,132310966.22,元,未标明,答辩评测\annual_reports_final,,
SR-011,5,归属于上市公司,subject=公司；metric=归属于上市公司；period=本期；unit=元；scope=未标明,归属于上市公司,本期,951670763.24,元,未标明,答辩评测\annual_reports_final,,
SR-011,6,营业成本,subject=公司；metric=营业成本；period=本期；unit=元；scope=未标明,营业成本,本期,2110773761.98,元,未标明,答辩评测\annual_reports_final,,
SR-011,7,销售费用,subject=公司；metric=销售费用；period=本期；unit=元；scope=未标明,销售费用,本期,223867878.18,元,未标明,答辩评测\annual_reports_final,,
SR-011,8,管理费用,subject=公司；metric=管理费用；period=本期；unit=元；scope=未标明,管理费用,本期,84798393.45,元,未标明,答辩评测\annual_reports_final,,
SR-011,9,财务费用,subject=公司；metric=财务费用；period=本期；unit=元；scope=未标明,财务费用,本期,688643.04,元,未标明,答辩评测\annual_reports_final,,
SR-011,10,投资活动产生的现金流量净额,subject=公司；metric=投资活动产生的现金流量净额；period=本期；unit=元；scope=未标明,投资活动产生的现金流量净额,本期,-127779759.26,元,未标明,答辩评测\annual_reports_final,,
SR-011,11,营业收入,subject=公司；metric=营业收入；period=本期；unit=元；scope=合并,营业收入,本期,2655908524.74,元,合并,答辩评测\annual_reports_final,,
SR-012,1,营业收入@上期,subject=公司；metric=营业收入；period=上期；unit=元；scope=合并,营业收入,上期,7540978549.39,元,合并,答辩评测\annual_reports_final,,
SR-012,2,扣除与主营业务无关的业务收入和不具备商业实质的收入后的营业收入,subject=公司；metric=扣除与主营业务无关的业务收入和不具备商业实质的收入后的营业收入；period=本期；unit=元；scope=未标明,扣除与主营业务无关的业务收入和不具备商业实质的收入后的营业收入,本期,7417722270.39,元,未标明,答辩评测\annual_reports_final,,
SR-012,3,归属于上市公司股东的净利润,subject=公司；metric=归属于上市公司股东的净利润；period=本期；unit=元；scope=合并,归属于上市公司股东的净利润,本期,147013530.7,元,合并,答辩评测\annual_reports_final,,
SR-012,4,归属于上市公司股东的扣除非经常性损益的净利润,subject=公司；metric=归属于上市公司股东的扣除非经常性损益的净利润；period=本期；unit=元；scope=未标明,归属于上市公司股东的扣除非经常性损益的净利润,本期,-167560827.37,元,未标明,答辩评测\annual_reports_final,,
SR-012,5,经营活动产生的现金流量净额,subject=公司；metric=经营活动产生的现金流量净额；period=本期；unit=元；scope=未标明,经营活动产生的现金流量净额,本期,-765418932.62,元,未标明,答辩评测\annual_reports_final,,
SR-012,6,营业成本,subject=公司；metric=营业成本；period=本期；unit=元；scope=未标明,营业成本,本期,7269645606.41,元,未标明,答辩评测\annual_reports_final,,
SR-012,7,销售费用,subject=公司；metric=销售费用；period=本期；unit=元；scope=未标明,销售费用,本期,9526002.37,元,未标明,答辩评测\annual_reports_final,,
SR-012,8,管理费用,subject=公司；metric=管理费用；period=本期；unit=元；scope=未标明,管理费用,本期,184593624.24,元,未标明,答辩评测\annual_reports_final,,
SR-012,9,财务费用,subject=公司；metric=财务费用；period=本期；unit=元；scope=未标明,财务费用,本期,100035613.99,元,未标明,答辩评测\annual_reports_final,,
SR-012,10,研发费用,subject=公司；metric=研发费用；period=本期；unit=元；scope=未标明,研发费用,本期,17058544.26,元,未标明,答辩评测\annual_reports_final,,
SR-012,11,营业收入,subject=公司；metric=营业收入；period=本期；unit=元；scope=合并,营业收入,本期,7460833337.44,元,合并,答辩评测\annual_reports_final,,
SR-013,1,营业收入,subject=公司；metric=营业收入；period=本期；unit=元；scope=合并,营业收入,本期,6872101681.3,元,合并,答辩评测\annual_reports_final,,
SR-013,2,归属于上市公司股东的净利润,subject=公司；metric=归属于上市公司股东的净利润；period=本期；unit=元；scope=合并,归属于上市公司股东的净利润,本期,1031325697.38,元,合并,答辩评测\annual_reports_final,,
SR-013,3,归属于上市公司股东的扣除非经常性损益的净利润,subject=公司；metric=归属于上市公司股东的扣除非经常性损益的净利润；period=本期；unit=元；scope=未标明,归属于上市公司股东的扣除非经常性损益的净利润,本期,866623468.53,元,未标明,答辩评测\annual_reports_final,,
SR-013,4,经营活动产生的现金流量净额,subject=公司；metric=经营活动产生的现金流量净额；period=本期；unit=元；scope=未标明,经营活动产生的现金流量净额,本期,341244704.96,元,未标明,答辩评测\annual_reports_final,,
SR-013,5,总资产,subject=公司；metric=总资产；period=本期；unit=元；scope=合并,总资产,本期,23185872521.48,元,合并,答辩评测\annual_reports_final,,
SR-013,6,基本每股收益（元／股）,subject=公司；metric=基本每股收益（元／股）；period=本期；unit=%；scope=未标明,基本每股收益（元／股）,本期,0.51,%,未标明,答辩评测\annual_reports_final,,
SR-013,7,营业收入@24页,subject=公司；metric=营业收入；period=本期；unit=元；scope=未标明,营业收入,本期,6872101681.3,元,未标明,答辩评测\annual_reports_final,,
SR-013,8,归属于上市公司股东的净资产@上期,subject=公司；metric=归属于上市公司股东的净资产；period=上期；unit=元；scope=合并,归属于上市公司股东的净资产,上期,14786256098.08,元,合并,答辩评测\annual_reports_final,,
SR-013,9,营业成本,subject=公司；metric=营业成本；period=本期；unit=元；scope=分部,营业成本,本期,4918078737.96,元,分部,答辩评测\annual_reports_final,,
SR-013,10,销售费用,subject=公司；metric=销售费用；period=本期；unit=元；scope=未标明,销售费用,本期,137954740.9,元,未标明,答辩评测\annual_reports_final,,
SR-013,11,管理费用,subject=公司；metric=管理费用；period=本期；unit=元；scope=未标明,管理费用,本期,404132130.34,元,未标明,答辩评测\annual_reports_final,,
SR-013,12,财务费用,subject=公司；metric=财务费用；period=本期；unit=元；scope=未标明,财务费用,本期,-4113199.73,元,未标明,答辩评测\annual_reports_final,,
SR-013,13,研发费用,subject=公司；metric=研发费用；period=本期；unit=元；scope=未标明,研发费用,本期,222556522.26,元,未标明,答辩评测\annual_reports_final,,
SR-013,14,营业收入@9页,subject=公司；metric=营业收入；period=本期；unit=元；scope=未标明,营业收入,本期,6872101681.3,元,未标明,答辩评测\annual_reports_final,,
SR-013,15,归属于上市公司股东的净资产,subject=公司；metric=归属于上市公司股东的净资产；period=本期；unit=元；scope=合并,归属于上市公司股东的净资产,本期,15486938064.03,元,合并,答辩评测\annual_reports_final,,
SR-014,1,营业收入,subject=公司；metric=营业收入；period=本期；unit=元；scope=合并,营业收入,本期,14045234826.03,元,合并,答辩评测\annual_reports_final,,
SR-014,2,销售费用,subject=公司；metric=销售费用；period=本期；unit=元；scope=未标明,销售费用,本期,925754083.84,元,未标明,答辩评测\annual_reports_final,,
SR-014,3,管理费用,subject=公司；metric=管理费用；period=本期；unit=元；scope=未标明,管理费用,本期,384795958.32,元,未标明,答辩评测\annual_reports_final,,
SR-014,4,财务费用,subject=公司；metric=财务费用；period=本期；unit=元；scope=未标明,财务费用,本期,-90445898.1,元,未标明,答辩评测\annual_reports_final,,
SR-014,5,研发费用,subject=公司；metric=研发费用；period=本期；unit=元；scope=未标明,研发费用,本期,94470845.17,元,未标明,答辩评测\annual_reports_final,,
SR-014,6,经营活动产生的现金流量净额,subject=公司；metric=经营活动产生的现金流量净额；period=本期；unit=元；scope=合并,经营活动产生的现金流量净额,本期,1955654340.14,元,合并,答辩评测\annual_reports_final,,
SR-014,7,营业收入@7页,subject=公司；metric=营业收入；period=本期；unit=元；scope=未标明,营业收入,本期,14045234826.03,元,未标明,答辩评测\annual_reports_final,,
SR-014,8,营业成本@上期,subject=公司；metric=营业成本；period=上期；unit=元；scope=合并,营业成本,上期,9507716843.77,元,合并,答辩评测\annual_reports_final,,
SR-014,9,经营活动产生的现金流量净额@7页,subject=公司；metric=经营活动产生的现金流量净额；period=本期；unit=元；scope=未标明,经营活动产生的现金流量净额,本期,1955654340.14,元,未标明,答辩评测\annual_reports_final,,
SR-014,10,投资活动产生的现金流量净额,subject=公司；metric=投资活动产生的现金流量净额；period=本期；unit=元；scope=未标明,投资活动产生的现金流量净额,本期,217411755.55,元,未标明,答辩评测\annual_reports_final,,
SR-014,11,筹资活动产生的现金流量净额,subject=公司；metric=筹资活动产生的现金流量净额；period=本期；unit=元；scope=未标明,筹资活动产生的现金流量净额,本期,-705392004.58,元,未标明,答辩评测\annual_reports_final,,
SR-014,12,货币资金,subject=公司；metric=货币资金；period=本期；unit=元；scope=未标明,货币资金,本期,4975461482.86,元,未标明,答辩评测\annual_reports_final,,
SR-014,13,交易性金融资产,subject=公司；metric=交易性金融资产；period=本期；unit=元；scope=未标明,交易性金融资产,本期,1033241596.04,元,未标明,答辩评测\annual_reports_final,,
SR-014,14,应收票据,subject=公司；metric=应收票据；period=本期；unit=元；scope=未标明,应收票据,本期,1870000.0,元,未标明,答辩评测\annual_reports_final,,
SR-014,15,应收账款,subject=公司；metric=应收账款；period=本期；unit=元；scope=未标明,应收账款,本期,569360689.35,元,未标明,答辩评测\annual_reports_final,,
SR-014,16,营业成本,subject=公司；metric=营业成本；period=本期；unit=元；scope=合并,营业成本,本期,10785442480.55,元,合并,答辩评测\annual_reports_final,,
SR-015,1,营业收入,subject=公司；metric=营业收入；period=本期；unit=元；scope=合并,营业收入,本期,4768139382.5,元,合并,答辩评测\annual_reports_final,,
SR-015,2,扣除与主营业务无关的业务收入和不具备商业实质的收入后的营业收入,subject=公司；metric=扣除与主营业务无关的业务收入和不具备商业实质的收入后的营业收入；period=本期；unit=元；scope=未标明,扣除与主营业务无关的业务收入和不具备商业实质的收入后的营业收入,本期,4764434081.8,元,未标明,答辩评测\annual_reports_final,,
SR-015,3,归属于上市公司股东的净利润,subject=公司；metric=归属于上市公司股东的净利润；period=本期；unit=元；scope=未标明,归属于上市公司股东的净利润,本期,-134388981.92,元,未标明,答辩评测\annual_reports_final,,
SR-015,4,归属于上市公司股东的扣除非经常性损益的净利润,subject=公司；metric=归属于上市公司股东的扣除非经常性损益的净利润；period=本期；unit=元；scope=未标明,归属于上市公司股东的扣除非经常性损益的净利润,本期,-135456150.46,元,未标明,答辩评测\annual_reports_final,,
SR-015,5,经营活动产生的现金流量净额,subject=公司；metric=经营活动产生的现金流量净额；period=本期；unit=元；scope=未标明,经营活动产生的现金流量净额,本期,-1059824502.61,元,未标明,答辩评测\annual_reports_final,,
SR-015,6,营业收入@11页,subject=公司；metric=营业收入；period=本期；unit=元；scope=未标明,营业收入,本期,4768139382.5,元,未标明,答辩评测\annual_reports_final,,
SR-015,7,营业成本,subject=公司；metric=营业成本；period=本期；unit=元；scope=分部,营业成本,本期,4034511922.69,元,分部,答辩评测\annual_reports_final,,
SR-015,8,税金及附加,subject=公司；metric=税金及附加；period=本期；unit=元；scope=未标明,税金及附加,本期,233259087.42,元,未标明,答辩评测\annual_reports_final,,
SR-015,9,财务费用,subject=公司；metric=财务费用；period=本期；unit=元；scope=未标明,财务费用,本期,128879510.46,元,未标明,答辩评测\annual_reports_final,,
SR-015,10,投资收益,subject=公司；metric=投资收益；period=本期；unit=元；scope=未标明,投资收益,本期,-22470930.09,元,未标明,答辩评测\annual_reports_final,,
SR-015,11,公允价值变动收益,subject=公司；metric=公允价值变动收益；period=本期；unit=元；scope=未标明,公允价值变动收益,本期,-8537586.19,元,未标明,答辩评测\annual_reports_final,,
SR-015,12,信用减值损失,subject=公司；metric=信用减值损失；period=本期；unit=元；scope=未标明,信用减值损失,本期,-1364621.89,元,未标明,答辩评测\annual_reports_final,,
SR-015,13,营业收入@5页,subject=公司；metric=营业收入；period=本期；unit=元；scope=未标明,营业收入,本期,4768139382.5,元,未标明,答辩评测\annual_reports_final,,
SR-015,14,应收账款,subject=公司；metric=应收账款；period=本期；unit=元；scope=未标明,应收账款,本期,116812057.72,元,未标明,答辩评测\annual_reports_final,,
SR-015,15,预付款项,subject=公司；metric=预付款项；period=本期；unit=元；scope=未标明,预付款项,本期,24901499.69,元,未标明,答辩评测\annual_reports_final,,
SR-015,16,其他应收款,subject=公司；metric=其他应收款；period=本期；unit=元；scope=未标明,其他应收款,本期,533516841.36,元,未标明,答辩评测\annual_reports_final,,
SR-015,17,其他流动资产,subject=公司；metric=其他流动资产；period=本期；unit=元；scope=未标明,其他流动资产,本期,401890629.69,元,未标明,答辩评测\annual_reports_final,,
SR-015,18,发放贷款及垫款,subject=公司；metric=发放贷款及垫款；period=本期；unit=元；scope=未标明,发放贷款及垫款,本期,34413453.18,元,未标明,答辩评测\annual_reports_final,,
SR-015,19,应交税费,subject=公司；metric=应交税费；period=本期；unit=元；scope=未标明,应交税费,本期,77605917.7,元,未标明,答辩评测\annual_reports_final,,
SR-015,20,货币资金,subject=公司；metric=货币资金；period=本期；unit=元；scope=合并,货币资金,本期,2708240453.26,元,合并,答辩评测\annual_reports_final,,
SR-016,1,营业收入@上期,subject=公司；metric=营业收入；period=上期；unit=元；scope=合并,营业收入,上期,2799499506.04,元,合并,答辩评测\annual_reports_final,,
SR-016,2,归属于上市公司股东的净利润,subject=公司；metric=归属于上市公司股东的净利润；period=本期；unit=元；scope=合并,归属于上市公司股东的净利润,本期,390239316.01,元,合并,答辩评测\annual_reports_final,,
SR-016,3,归属于上市公司股东的扣除非经常性损益的净利润,subject=公司；metric=归属于上市公司股东的扣除非经常性损益的净利润；period=本期；unit=元；scope=未标明,归属于上市公司股东的扣除非经常性损益的净利润,本期,369153458.64,元,未标明,答辩评测\annual_reports_final,,
SR-016,4,经营活动产生的现金流量净额,subject=公司；metric=经营活动产生的现金流量净额；period=本期；unit=元；scope=未标明,经营活动产生的现金流量净额,本期,422630065.95,元,未标明,答辩评测\annual_reports_final,,
SR-016,5,归属于上市公司股东的净资产,subject=公司；metric=归属于上市公司股东的净资产；period=本期；unit=元；scope=合并,归属于上市公司股东的净资产,本期,1980689000.42,元,合并,答辩评测\annual_reports_final,,
SR-016,6,营业成本,subject=公司；metric=营业成本；period=本期；unit=元；scope=未标明,营业成本,本期,2157487729.04,元,未标明,答辩评测\annual_reports_final,,
SR-016,7,销售费用,subject=公司；metric=销售费用；period=本期；unit=元；scope=未标明,销售费用,本期,13341785.21,元,未标明,答辩评测\annual_reports_final,,
SR-016,8,管理费用,subject=公司；metric=管理费用；period=本期；unit=元；scope=未标明,管理费用,本期,91549904.63,元,未标明,答辩评测\annual_reports_final,,
SR-016,9,财务费用,subject=公司；metric=财务费用；period=本期；unit=元；scope=未标明,财务费用,本期,-10559527.22,元,未标明,答辩评测\annual_reports_final,,
SR-016,10,研发费用,subject=公司；metric=研发费用；period=本期；unit=元；scope=未标明,研发费用,本期,97628158.96,元,未标明,答辩评测\annual_reports_final,,
SR-016,11,营业收入,subject=公司；metric=营业收入；period=本期；unit=元；scope=合并,营业收入,本期,2796060229.74,元,合并,答辩评测\annual_reports_final,,
SR-017,1,营业收入,subject=公司；metric=营业收入；period=本期；unit=元；scope=合并,营业收入,本期,243109669.44,元,合并,答辩评测\annual_reports_final,,
SR-017,2,归属于上市公司股东的净利润,subject=公司；metric=归属于上市公司股东的净利润；period=本期；unit=元；scope=合并,归属于上市公司股东的净利润,本期,44464618.65,元,合并,答辩评测\annual_reports_final,,
SR-017,3,归属于上市公司股东的扣除非经常性损益的净利润,subject=公司；metric=归属于上市公司股东的扣除非经常性损益的净利润；period=本期；unit=元；scope=未标明,归属于上市公司股东的扣除非经常性损益的净利润,本期,26630142.09,元,未标明,答辩评测\annual_reports_final,,
SR-017,4,经营活动产生的现金流量净额,subject=公司；metric=经营活动产生的现金流量净额；period=本期；unit=元；scope=未标明,经营活动产生的现金流量净额,本期,3254695.79,元,未标明,答辩评测\annual_reports_final,,
SR-017,5,归属于上市公司股东的净资产,subject=公司；metric=归属于上市公司股东的净资产；period=本期；unit=元；scope=未标明,归属于上市公司股东的净资产,本期,1172580744.17,元,未标明,答辩评测\annual_reports_final,,
SR-017,6,总资产,subject=公司；metric=总资产；period=本期；unit=元；scope=未标明,总资产,本期,1254959181.74,元,未标明,答辩评测\annual_reports_final,,
SR-017,7,基本每股收益（元／股）,subject=公司；metric=基本每股收益（元／股）；period=本期；unit=元；scope=未标明,基本每股收益（元／股）,本期,0.54,元,未标明,答辩评测\annual_reports_final,,
SR-017,8,营业收入@32页,subject=公司；metric=营业收入；period=本期；unit=元；scope=未标明,营业收入,本期,243109669.44,元,未标明,答辩评测\annual_reports_final,,
SR-017,9,销售费用,subject=公司；metric=销售费用；period=本期；unit=元；scope=未标明,销售费用,本期,73427746.07,元,未标明,答辩评测\annual_reports_final,,
SR-017,10,管理费用,subject=公司；metric=管理费用；period=本期；unit=元；scope=未标明,管理费用,本期,13693867.04,元,未标明,答辩评测\annual_reports_final,,
SR-017,11,财务费用,subject=公司；metric=财务费用；period=本期；unit=元；scope=未标明,财务费用,本期,-4210320.55,元,未标明,答辩评测\annual_reports_final,,
SR-017,12,研发费用,subject=公司；metric=研发费用；period=本期；unit=元；scope=合并,研发费用,本期,90933165.73,元,合并,答辩评测\annual_reports_final,,
SR-017,13,营业收入@7页,subject=公司；metric=营业收入；period=本期；unit=元；scope=未标明,营业收入,本期,243109669.44,元,未标明,答辩评测\annual_reports_final,,
SR-017,14,营业成本@上期,subject=公司；metric=营业成本；period=上期；unit=元；scope=合并,营业成本,上期,25890174.64,元,合并,答辩评测\annual_reports_final,,
SR-017,15,研发费用@36页,subject=公司；metric=研发费用；period=本期；unit=；scope=未标明,研发费用,本期,90933165.73,,未标明,答辩评测\annual_reports_final,,
SR-017,16,营业成本,subject=公司；metric=营业成本；period=本期；unit=元；scope=合并,营业成本,本期,40059897.32,元,合并,答辩评测\annual_reports_final,,
SR-018,1,营业收入,subject=公司；metric=营业收入；period=本期；unit=元；scope=合并,营业收入,本期,517541996.31,元,合并,答辩评测\annual_reports_final,,
SR-018,2,归属于上市公司股东的净利润,subject=公司；metric=归属于上市公司股东的净利润；period=本期；unit=元；scope=合并,归属于上市公司股东的净利润,本期,97236845.34,元,合并,答辩评测\annual_reports_final,,
SR-018,3,归属于上市公司股东的扣除非经常性损益的净利润,subject=公司；metric=归属于上市公司股东的扣除非经常性损益的净利润；period=本期；unit=元；scope=未标明,归属于上市公司股东的扣除非经常性损益的净利润,本期,80056908.03,元,未标明,答辩评测\annual_reports_final,,
SR-018,4,经营活动产生的现金流量净额,subject=公司；metric=经营活动产生的现金流量净额；period=本期；unit=元；scope=合并,经营活动产生的现金流量净额,本期,49952509.47,元,合并,答辩评测\annual_reports_final,,
SR-018,5,归属于上市公司股东的净资产,subject=公司；metric=归属于上市公司股东的净资产；period=本期；unit=元；scope=未标明,归属于上市公司股东的净资产,本期,1027346041.06,元,未标明,答辩评测\annual_reports_final,,
SR-018,6,总资产,subject=公司；metric=总资产；period=本期；unit=元；scope=未标明,总资产,本期,1379959421.43,元,未标明,答辩评测\annual_reports_final,,
SR-018,7,基本每股收益（元／股）,subject=公司；metric=基本每股收益（元／股）；period=本期；unit=%；scope=未标明,基本每股收益（元／股）,本期,0.41,%,未标明,答辩评测\annual_reports_final,,
SR-018,8,营业收入@21页,subject=公司；metric=营业收入；period=本期；unit=元；scope=未标明,营业收入,本期,517541996.31,元,未标明,答辩评测\annual_reports_final,,
SR-018,9,经营活动产生的现金流量净额@21页,subject=公司；metric=经营活动产生的现金流量净额；period=本期；unit=元；scope=未标明,经营活动产生的现金流量净额,本期,49952509.47,元,未标明,答辩评测\annual_reports_final,,
SR-018,10,加权平均净资产收益率（%）,subject=公司；metric=加权平均净资产收益率（%）；period=本期；unit=%；scope=合并,加权平均净资产收益率（%）,本期,9.83,%,合并,答辩评测\annual_reports_final,,
SR-018,11,营业成本,subject=公司；metric=营业成本；period=本期；unit=元；scope=合并,营业成本,本期,375363831.56,元,合并,答辩评测\annual_reports_final,,
SR-018,12,销售费用,subject=公司；metric=销售费用；period=本期；unit=元；scope=合并,销售费用,本期,3395401.3,元,合并,答辩评测\annual_reports_final,,
SR-018,13,财务费用,subject=公司；metric=财务费用；period=本期；unit=元；scope=未标明,财务费用,本期,-21526835.89,元,未标明,答辩评测\annual_reports_final,,
SR-018,14,研发费用,subject=公司；metric=研发费用；period=本期；unit=元；scope=合并,研发费用,本期,33524732.9,元,合并,答辩评测\annual_reports_final,,
SR-018,15,营业收入@7页,subject=公司；metric=营业收入；period=本期；unit=元；scope=未标明,营业收入,本期,517541996.31,元,未标明,答辩评测\annual_reports_final,,
SR-018,16,管理费用@上期,subject=公司；metric=管理费用；period=上期；unit=元；scope=合并,管理费用,上期,33167928.8,元,合并,答辩评测\annual_reports_final,,
SR-018,17,经营活动产生的现金流量净额@7页,subject=公司；metric=经营活动产生的现金流量净额；period=本期；unit=元；scope=未标明,经营活动产生的现金流量净额,本期,49952509.47,元,未标明,答辩评测\annual_reports_final,,
SR-018,18,投资活动产生的现金流量净额,subject=公司；metric=投资活动产生的现金流量净额；period=本期；unit=元；scope=合并,投资活动产生的现金流量净额,本期,-88208058.63,元,合并,答辩评测\annual_reports_final,,
SR-018,19,管理费用,subject=公司；metric=管理费用；period=本期；unit=元；scope=合并,管理费用,本期,34789571.47,元,合并,答辩评测\annual_reports_final,,
SR-019,1,营业收入@上期,subject=公司；metric=营业收入；period=上期；unit=元；scope=分部,营业收入,上期,24600015833.0,元,分部,答辩评测\annual_reports_final,,
SR-019,2,营业成本,subject=公司；metric=营业成本；period=本期；unit=元；scope=未标明,营业成本,本期,18422075400.37,元,未标明,答辩评测\annual_reports_final,,
SR-019,3,销售费用,subject=公司；metric=销售费用；period=本期；unit=元；scope=未标明,销售费用,本期,201173729.17,元,未标明,答辩评测\annual_reports_final,,
SR-019,4,管理费用,subject=公司；metric=管理费用；period=本期；unit=元；scope=未标明,管理费用,本期,864719651.83,元,未标明,答辩评测\annual_reports_final,,
SR-019,5,财务费用,subject=公司；metric=财务费用；period=本期；unit=元；scope=未标明,财务费用,本期,331730929.41,元,未标明,答辩评测\annual_reports_final,,
SR-019,6,研发投入,subject=公司；metric=研发投入；period=本期；unit=元；scope=未标明,研发投入,本期,121887083.88,元,未标明,答辩评测\annual_reports_final,,
SR-019,7,所得税费用,subject=公司；metric=所得税费用；period=本期；unit=元；scope=未标明,所得税费用,本期,225857257.46,元,未标明,答辩评测\annual_reports_final,,
SR-019,8,营业收入,subject=公司；metric=营业收入；period=本期；unit=元；scope=分部,营业收入,本期,20811040684.95,元,分部,答辩评测\annual_reports_final,,
SR-020,1,营业收入,subject=公司；metric=营业收入；period=本期；unit=元；scope=合并,营业收入,本期,562215686.66,元,合并,答辩评测\annual_reports_final,,
SR-020,2,归属于上市公司股东的净利润,subject=公司；metric=归属于上市公司股东的净利润；period=本期；unit=元；scope=合并,归属于上市公司股东的净利润,本期,107528739.71,元,合并,答辩评测\annual_reports_final,,
SR-020,3,归属于上市公司股东的扣除非经常性损益的净利润,subject=公司；metric=归属于上市公司股东的扣除非经常性损益的净利润；period=本期；unit=元；scope=未标明,归属于上市公司股东的扣除非经常性损益的净利润,本期,122163419.94,元,未标明,答辩评测\annual_reports_final,,
SR-020,4,经营活动产生的现金流量净额,subject=公司；metric=经营活动产生的现金流量净额；period=本期；unit=元；scope=未标明,经营活动产生的现金流量净额,本期,352172958.47,元,未标明,答辩评测\annual_reports_final,,
SR-020,5,归属于上市公司股东的净资产,subject=公司；metric=归属于上市公司股东的净资产；period=本期；unit=元；scope=未标明,归属于上市公司股东的净资产,本期,1219211367.88,元,未标明,答辩评测\annual_reports_final,,
SR-020,6,总资产,subject=公司；metric=总资产；period=本期；unit=元；scope=合并,总资产,本期,1672859840.04,元,合并,答辩评测\annual_reports_final,,
SR-020,7,基本每股收益（元／股）,subject=公司；metric=基本每股收益（元／股）；period=本期；unit=%；scope=未标明,基本每股收益（元／股）,本期,0.47,%,未标明,答辩评测\annual_reports_final,,
SR-020,8,营业收入@19页,subject=公司；metric=营业收入；period=本期；unit=元；scope=未标明,营业收入,本期,562215686.66,元,未标明,答辩评测\annual_reports_final,,
SR-020,9,营业成本,subject=公司；metric=营业成本；period=本期；unit=元；scope=未标明,营业成本,本期,274412490.7,元,未标明,答辩评测\annual_reports_final,,
SR-020,10,销售费用,subject=公司；metric=销售费用；period=本期；unit=元；scope=未标明,销售费用,本期,9494847.82,元,未标明,答辩评测\annual_reports_final,,
SR-020,11,管理费用,subject=公司；metric=管理费用；period=本期；unit=元；scope=未标明,管理费用,本期,62633412.46,元,未标明,答辩评测\annual_reports_final,,
SR-020,12,财务费用,subject=公司；metric=财务费用；period=本期；unit=元；scope=未标明,财务费用,本期,8204665.6,元,未标明,答辩评测\annual_reports_final,,
SR-020,13,研发费用,subject=公司；metric=研发费用；period=本期；unit=元；scope=未标明,研发费用,本期,31679094.13,元,未标明,答辩评测\annual_reports_final,,
SR-020,14,营业收入@7页,subject=公司；metric=营业收入；period=本期；unit=元；scope=未标明,营业收入,本期,562215686.66,元,未标明,答辩评测\annual_reports_final,,
SR-020,15,应收款项融资,subject=公司；metric=应收款项融资；period=本期；unit=元；scope=合并,应收款项融资,本期,13116674.4,元,合并,答辩评测\annual_reports_final,,
SR-020,16,货币资金,subject=公司；metric=货币资金；period=本期；unit=元；scope=未标明,货币资金,本期,176559538.12,元,未标明,答辩评测\annual_reports_final,,
SR-020,17,交易性金融资产,subject=公司；metric=交易性金融资产；period=本期；unit=元；scope=未标明,交易性金融资产,本期,159722479.8,元,未标明,答辩评测\annual_reports_final,,
SR-020,18,应收票据,subject=公司；metric=应收票据；period=本期；unit=元；scope=未标明,应收票据,本期,8803206.84,元,未标明,答辩评测\annual_reports_final,,
SR-020,19,应收账款,subject=公司；metric=应收账款；period=本期；unit=元；scope=未标明,应收账款,本期,190325382.26,元,未标明,答辩评测\annual_reports_final,,
SR-020,20,预付款项,subject=公司；metric=预付款项；period=本期；unit=元；scope=未标明,预付款项,本期,577096.99,元,未标明,答辩评测\annual_reports_final,,
SR-020,21,其他应收款,subject=公司；metric=其他应收款；period=本期；unit=元；scope=未标明,其他应收款,本期,1158887.46,元,未标明,答辩评测\annual_reports_final,,
SR-020,22,应收款项融资@9页,subject=公司；metric=应收款项融资；period=本期；unit=元；scope=未标明,应收款项融资,本期,13116674.4,元,未标明,答辩评测\annual_reports_final,,
SR-020,23,投资性房地产,subject=公司；metric=投资性房地产；period=本期；unit=元；scope=合并,投资性房地产,本期,156515149.05,元,合并,答辩评测\annual_reports_final,,
SR-021,1,营业收入,subject=公司；metric=营业收入；period=本期；unit=元；scope=合并,营业收入,本期,9514270368.62,元,合并,答辩评测\annual_reports_final,,
SR-021,2,扣除与主营业务无关的业务收入和不具备商业实质的收入后的营业收入,subject=公司；metric=扣除与主营业务无关的业务收入和不具备商业实质的收入后的营业收入；period=本期；unit=元；scope=未标明,扣除与主营业务无关的业务收入和不具备商业实质的收入后的营业收入,本期,5847913932.19,元,未标明,答辩评测\annual_reports_final,,
SR-021,3,归属于上市公司股东的净利润,subject=公司；metric=归属于上市公司股东的净利润；period=本期；unit=元；scope=未标明,归属于上市公司股东的净利润,本期,-5464876312.33,元,未标明,答辩评测\annual_reports_final,,
SR-021,4,归属于上市公司股东的扣除非经常性损益的净利润,subject=公司；metric=归属于上市公司股东的扣除非经常性损益的净利润；period=本期；unit=元；scope=未标明,归属于上市公司股东的扣除非经常性损益的净利润,本期,-5837906859.31,元,未标明,答辩评测\annual_reports_final,,
SR-021,5,归属于上市公司股东的净资产,subject=公司；metric=归属于上市公司股东的净资产；period=本期；unit=元；scope=未标明,归属于上市公司股东的净资产,本期,5671488257.31,元,未标明,答辩评测\annual_reports_final,,
SR-021,6,总资产,subject=公司；metric=总资产；period=本期；unit=元；scope=未标明,总资产,本期,31354411910.73,元,未标明,答辩评测\annual_reports_final,,
SR-021,7,经营活动产生的现金流量净额@上期,subject=公司；metric=经营活动产生的现金流量净额；period=上期；unit=元；scope=合并,经营活动产生的现金流量净额,上期,4985342191.17,元,合并,答辩评测\annual_reports_final,,
SR-021,8,投资活动产生的现金流量净额,subject=公司；metric=投资活动产生的现金流量净额；period=本期；unit=元；scope=未标明,投资活动产生的现金流量净额,本期,-1532573628.86,元,未标明,答辩评测\annual_reports_final,,
SR-021,9,筹资活动产生的现金流量净额,subject=公司；metric=筹资活动产生的现金流量净额；period=本期；unit=元；scope=未标明,筹资活动产生的现金流量净额,本期,-5167221359.82,元,未标明,答辩评测\annual_reports_final,,
SR-021,10,应收账款,subject=公司；metric=应收账款；period=本期；unit=元；scope=未标明,应收账款,本期,6672419143.97,元,未标明,答辩评测\annual_reports_final,,
SR-021,11,应收款项融资,subject=公司；metric=应收款项融资；period=本期；unit=元；scope=未标明,应收款项融资,本期,468839670.91,元,未标明,答辩评测\annual_reports_final,,
SR-021,12,预付款项,subject=公司；metric=预付款项；period=本期；unit=元；scope=未标明,预付款项,本期,218325587.33,元,未标明,答辩评测\annual_reports_final,,
SR-021,13,其他应收款,subject=公司；metric=其他应收款；period=本期；unit=元；scope=未标明,其他应收款,本期,258299759.49,元,未标明,答辩评测\annual_reports_final,,
SR-021,14,经营活动产生的现金流量净额,subject=公司；metric=经营活动产生的现金流量净额；period=本期；unit=元；scope=合并,经营活动产生的现金流量净额,本期,3521672416.1,元,合并,答辩评测\annual_reports_final,,
SR-022,1,营业收入,subject=公司；metric=营业收入；period=本期；unit=元；scope=合并,营业收入,本期,1301955874.4,元,合并,答辩评测\annual_reports_final,,
SR-022,2,归属于上市公司股东的扣除非经常性损益的净利润,subject=公司；metric=归属于上市公司股东的扣除非经常性损益的净利润；period=本期；unit=元；scope=未标明,归属于上市公司股东的扣除非经常性损益的净利润,本期,51843891.67,元,未标明,答辩评测\annual_reports_final,,
SR-022,3,经营活动产生的现金流量净额,subject=公司；metric=经营活动产生的现金流量净额；period=本期；unit=元；scope=未标明,经营活动产生的现金流量净额,本期,75007031.13,元,未标明,答辩评测\annual_reports_final,,
SR-022,4,归属于上市公司股东的净资产,subject=公司；metric=归属于上市公司股东的净资产；period=本期；unit=元；scope=合并,归属于上市公司股东的净资产,本期,835451790.37,元,合并,答辩评测\annual_reports_final,,
SR-022,5,总资产,subject=公司；metric=总资产；period=本期；unit=元；scope=合并,总资产,本期,2112810074.45,元,合并,答辩评测\annual_reports_final,,
SR-022,6,基本每股收益（元／股）,subject=公司；metric=基本每股收益（元／股）；period=本期；unit=%；scope=未标明,基本每股收益（元／股）,本期,0.27,%,未标明,答辩评测\annual_reports_final,,
SR-022,7,营业收入@17页,subject=公司；metric=营业收入；period=本期；unit=元；scope=未标明,营业收入,本期,1301955874.4,元,未标明,答辩评测\annual_reports_final,,
SR-022,8,营业成本,subject=公司；metric=营业成本；period=本期；unit=元；scope=未标明,营业成本,本期,1095704536.66,元,未标明,答辩评测\annual_reports_final,,
SR-022,9,销售费用,subject=公司；metric=销售费用；period=本期；unit=元；scope=未标明,销售费用,本期,23686164.71,元,未标明,答辩评测\annual_reports_final,,
SR-022,10,管理费用,subject=公司；metric=管理费用；period=本期；unit=元；scope=未标明,管理费用,本期,46104941.61,元,未标明,答辩评测\annual_reports_final,,
SR-022,11,研发费用,subject=公司；metric=研发费用；period=本期；unit=元；scope=未标明,研发费用,本期,25464364.64,元,未标明,答辩评测\annual_reports_final,,
SR-022,12,财务费用,subject=公司；metric=财务费用；period=本期；unit=元；scope=未标明,财务费用,本期,21487179.73,元,未标明,答辩评测\annual_reports_final,,
SR-022,13,营业收入@6页,subject=公司；metric=营业收入；period=本期；unit=元；scope=未标明,营业收入,本期,1301955874.4,元,未标明,答辩评测\annual_reports_final,,
SR-022,14,归属于上市公司股东的净利润,subject=公司；metric=归属于上市公司股东的净利润；period=本期；unit=元；scope=合并,归属于上市公司股东的净利润,本期,73194678.84,元,合并,答辩评测\annual_reports_final,,
SR-023,1,营业收入（元）,subject=公司；metric=营业收入（元）；period=本期；unit=元；scope=合并,营业收入（元）,本期,1123334693.3,元,合并,答辩评测\annual_reports_final,,
SR-023,2,归属于上市公司股东,subject=公司；metric=归属于上市公司股东；period=本期；unit=元；scope=未标明,归属于上市公司股东,本期,-73370805.06,元,未标明,答辩评测\annual_reports_final,,
SR-023,3,基本每股收益（元/,subject=公司；metric=基本每股收益（元/；period=本期；unit=元；scope=未标明,基本每股收益（元/,本期,-0.73,元,未标明,答辩评测\annual_reports_final,,
SR-023,4,稀释每股收益（元/,subject=公司；metric=稀释每股收益（元/；period=本期；unit=元；scope=未标明,稀释每股收益（元/,本期,-0.73,元,未标明,答辩评测\annual_reports_final,,
SR-023,5,加权平均净资产收益,subject=公司；metric=加权平均净资产收益；period=本期；unit=元；scope=未标明,加权平均净资产收益,本期,-6.62,元,未标明,答辩评测\annual_reports_final,,
SR-023,6,资产总额（元）,subject=公司；metric=资产总额（元）；period=本期；unit=元；scope=未标明,资产总额（元）,本期,1346802364.74,元,未标明,答辩评测\annual_reports_final,,
SR-023,7,经营活动产生的现金,subject=公司；metric=经营活动产生的现金；period=本期；unit=元；scope=合并,经营活动产生的现金,本期,6236533.0,元,合并,答辩评测\annual_reports_final,,
SR-024,1,营业收入,subject=公司；metric=营业收入；period=本期；unit=元；scope=合并,营业收入,本期,1585943855.44,元,合并,答辩评测\annual_reports_final,,
SR-024,2,归属于上市公司股东的净利润,subject=公司；metric=归属于上市公司股东的净利润；period=本期；unit=元；scope=合并,归属于上市公司股东的净利润,本期,117331355.77,元,合并,答辩评测\annual_reports_final,,
SR-024,3,归属于上市公司股东的扣除非经常性损益的净利润,subject=公司；metric=归属于上市公司股东的扣除非经常性损益的净利润；period=本期；unit=元；scope=未标明,归属于上市公司股东的扣除非经常性损益的净利润,本期,97169777.18,元,未标明,答辩评测\annual_reports_final,,
SR-024,4,归属于上市公司股东的净资产,subject=公司；metric=归属于上市公司股东的净资产；period=本期；unit=元；scope=未标明,归属于上市公司股东的净资产,本期,2404635116.47,元,未标明,答辩评测\annual_reports_final,,
SR-024,5,总资产,subject=公司；metric=总资产；period=本期；unit=元；scope=未标明,总资产,本期,3788929673.84,元,未标明,答辩评测\annual_reports_final,,
SR-024,6,基本每股收益（元／股）,subject=公司；metric=基本每股收益（元／股）；period=本期；unit=%；scope=未标明,基本每股收益（元／股）,本期,0.16,%,未标明,答辩评测\annual_reports_final,,
SR-024,7,营业收入@14页,subject=公司；metric=营业收入；period=本期；unit=元；scope=未标明,营业收入,本期,1585943855.44,元,未标明,答辩评测\annual_reports_final,,
SR-024,8,营业成本,subject=公司；metric=营业成本；period=本期；unit=元；scope=未标明,营业成本,本期,1158266293.0,元,未标明,答辩评测\annual_reports_final,,
SR-024,9,销售费用,subject=公司；metric=销售费用；period=本期；unit=元；scope=母公司,销售费用,本期,39198244.28,元,母公司,答辩评测\annual_reports_final,,
SR-024,10,管理费用,subject=公司；metric=管理费用；period=本期；unit=元；scope=母公司,管理费用,本期,163170458.55,元,母公司,答辩评测\annual_reports_final,,
SR-024,11,研发费用,subject=公司；metric=研发费用；period=本期；unit=元；scope=母公司,研发费用,本期,86085422.86,元,母公司,答辩评测\annual_reports_final,,
SR-024,12,财务费用,subject=公司；metric=财务费用；period=本期；unit=元；scope=母公司,财务费用,本期,872013.47,元,母公司,答辩评测\annual_reports_final,,
SR-024,13,营业收入@6页,subject=公司；metric=营业收入；period=本期；unit=元；scope=未标明,营业收入,本期,1585943855.44,元,未标明,答辩评测\annual_reports_final,,
SR-024,14,投资活动产生的现金流量净额,subject=公司；metric=投资活动产生的现金流量净额；period=本期；unit=元；scope=母公司,投资活动产生的现金流量净额,本期,31491257.82,元,母公司,答辩评测\annual_reports_final,,
SR-024,15,经营活动产生的现金流量净额,subject=公司；metric=经营活动产生的现金流量净额；period=本期；unit=元；scope=合并,经营活动产生的现金流量净额,本期,-101418958.34,元,合并,答辩评测\annual_reports_final,,
SR-025,1,营业收入（元）@上期,subject=公司；metric=营业收入（元）；period=上期；unit=元；scope=合并,营业收入（元）,上期,2300659706.62,元,合并,答辩评测\annual_reports_final,,
SR-025,2,基本每股收益（元/股）,subject=公司；metric=基本每股收益（元/股）；period=本期；unit=元；scope=未标明,基本每股收益（元/股）,本期,1.13,元,未标明,答辩评测\annual_reports_final,,
SR-025,3,稀释每股收益（元/股）,subject=公司；metric=稀释每股收益（元/股）；period=本期；unit=元；scope=未标明,稀释每股收益（元/股）,本期,1.13,元,未标明,答辩评测\annual_reports_final,,
SR-025,4,加权平均净资产收益率,subject=公司；metric=加权平均净资产收益率；period=本期；unit=元；scope=未标明,加权平均净资产收益率,本期,23.65,元,未标明,答辩评测\annual_reports_final,,
SR-025,5,资产总额（元）,subject=公司；metric=资产总额（元）；period=本期；unit=元；scope=未标明,资产总额（元）,本期,7532651176.52,元,未标明,答辩评测\annual_reports_final,,
SR-025,6,营业收入（元）,subject=公司；metric=营业收入（元）；period=本期；unit=元；scope=合并,营业收入（元）,本期,2803309287.65,元,合并,答辩评测\annual_reports_final,,
SR-026,1,营业收入@上期,subject=公司；metric=营业收入；period=上期；unit=元；scope=合并,营业收入,上期,1338012289.5,元,合并,答辩评测\annual_reports_final,,
SR-026,2,归属于上市公司股东的净利润,subject=公司；metric=归属于上市公司股东的净利润；period=本期；unit=元；scope=合并,归属于上市公司股东的净利润,本期,114765490.82,元,合并,答辩评测\annual_reports_final,,
SR-026,3,归属于上市公司股东的扣除非经常性损益的净利润,subject=公司；metric=归属于上市公司股东的扣除非经常性损益的净利润；period=本期；unit=元；scope=未标明,归属于上市公司股东的扣除非经常性损益的净利润,本期,104163536.31,元,未标明,答辩评测\annual_reports_final,,
SR-026,4,经营活动产生的现金流量净额,subject=公司；metric=经营活动产生的现金流量净额；period=本期；unit=元；scope=未标明,经营活动产生的现金流量净额,本期,136164916.42,元,未标明,答辩评测\annual_reports_final,,
SR-026,5,归属于上市公司股东的净资产,subject=公司；metric=归属于上市公司股东的净资产；period=本期；unit=元；scope=未标明,归属于上市公司股东的净资产,本期,1497659554.16,元,未标明,答辩评测\annual_reports_final,,
SR-026,6,总资产,subject=公司；metric=总资产；period=本期；unit=元；scope=合并,总资产,本期,1846360466.77,元,合并,答辩评测\annual_reports_final,,
SR-026,7,基本每股收益（元／股）,subject=公司；metric=基本每股收益（元／股）；period=本期；unit=元；scope=未标明,基本每股收益（元／股）,本期,0.55,元,未标明,答辩评测\annual_reports_final,,
SR-026,8,营业成本,subject=公司；metric=营业成本；period=本期；unit=元；scope=未标明,营业成本,本期,1174008742.01,元,未标明,答辩评测\annual_reports_final,,
SR-026,9,销售费用,subject=公司；metric=销售费用；period=本期；unit=元；scope=未标明,销售费用,本期,10628044.4,元,未标明,答辩评测\annual_reports_final,,
SR-026,10,管理费用,subject=公司；metric=管理费用；period=本期；unit=元；scope=未标明,管理费用,本期,21448228.29,元,未标明,答辩评测\annual_reports_final,,
SR-026,11,研发费用,subject=公司；metric=研发费用；period=本期；unit=元；scope=未标明,研发费用,本期,18236362.49,元,未标明,答辩评测\annual_reports_final,,
SR-026,12,财务费用,subject=公司；metric=财务费用；period=本期；unit=元；scope=未标明,财务费用,本期,2375659.07,元,未标明,答辩评测\annual_reports_final,,
SR-026,13,货币资金,subject=公司；metric=货币资金；period=本期；unit=元；scope=合并,货币资金,本期,510062554.07,元,合并,答辩评测\annual_reports_final,,
SR-026,14,交易性金融资产,subject=公司；metric=交易性金融资产；period=本期；unit=元；scope=未标明,交易性金融资产,本期,71293333.59,元,未标明,答辩评测\annual_reports_final,,
SR-026,15,应收票据,subject=公司；metric=应收票据；period=本期；unit=元；scope=未标明,应收票据,本期,31485386.45,元,未标明,答辩评测\annual_reports_final,,
SR-026,16,应收款项融资,subject=公司；metric=应收款项融资；period=本期；unit=元；scope=未标明,应收款项融资,本期,132033337.46,元,未标明,答辩评测\annual_reports_final,,
SR-026,17,固定资产,subject=公司；metric=固定资产；period=本期；unit=元；scope=合并,固定资产,本期,227827892.88,元,合并,答辩评测\annual_reports_final,,
SR-026,18,在建工程,subject=公司；metric=在建工程；period=本期；unit=元；scope=未标明,在建工程,本期,38361547.02,元,未标明,答辩评测\annual_reports_final,,
SR-026,19,其他非流动资产,subject=公司；metric=其他非流动资产；period=本期；unit=元；scope=未标明,其他非流动资产,本期,4585494.0,元,未标明,答辩评测\annual_reports_final,,
SR-026,20,应付票据,subject=公司；metric=应付票据；period=本期；unit=元；scope=合并,应付票据,本期,214656222.3,元,合并,答辩评测\annual_reports_final,,
SR-026,21,营业收入,subject=公司；metric=营业收入；period=本期；unit=元；scope=合并,营业收入,本期,1366477488.38,元,合并,答辩评测\annual_reports_final,,
SR-027,1,营业收入,subject=公司；metric=营业收入；period=本期；unit=元；scope=分部,营业收入,本期,535132594.76,元,分部,答辩评测\annual_reports_final,,
SR-027,2,销售费用,subject=公司；metric=销售费用；period=本期；unit=元；scope=未标明,销售费用,本期,15993994.5,元,未标明,答辩评测\annual_reports_final,,
SR-027,3,管理费用,subject=公司；metric=管理费用；period=本期；unit=元；scope=未标明,管理费用,本期,46256568.81,元,未标明,答辩评测\annual_reports_final,,
SR-027,4,财务费用,subject=公司；metric=财务费用；period=本期；unit=元；scope=未标明,财务费用,本期,-8634140.75,元,未标明,答辩评测\annual_reports_final,,
SR-027,5,研发费用,subject=公司；metric=研发费用；period=本期；unit=元；scope=未标明,研发费用,本期,18444266.8,元,未标明,答辩评测\annual_reports_final,,
SR-027,6,经营活动产生的现金流量净额,subject=公司；metric=经营活动产生的现金流量净额；period=本期；unit=元；scope=未标明,经营活动产生的现金流量净额,本期,72752355.96,元,未标明,答辩评测\annual_reports_final,,
SR-027,7,营业成本,subject=公司；metric=营业成本；period=本期；unit=元；scope=分部,营业成本,本期,411029388.96,元,分部,答辩评测\annual_reports_final,,
SR-028,1,营业收入@上期,subject=公司；metric=营业收入；period=上期；unit=万元；scope=合并,营业收入,上期,32039.18,万元,合并,答辩评测\annual_reports_final,,
SR-028,2,归属于上市公司股东的净利润,subject=公司；metric=归属于上市公司股东的净利润；period=本期；unit=万元；scope=未标明,归属于上市公司股东的净利润,本期,4733.14,万元,未标明,答辩评测\annual_reports_final,,
SR-028,3,归属于上市公司股东的扣除非经常性损益的净利润,subject=公司；metric=归属于上市公司股东的扣除非经常性损益的净利润；period=本期；unit=万元；scope=未标明,归属于上市公司股东的扣除非经常性损益的净利润,本期,4330.49,万元,未标明,答辩评测\annual_reports_final,,
SR-028,4,经营活动产生的现金流量净额,subject=公司；metric=经营活动产生的现金流量净额；period=本期；unit=万元；scope=未标明,经营活动产生的现金流量净额,本期,10269.3,万元,未标明,答辩评测\annual_reports_final,,
SR-028,5,归属于上市公司股东的净资产,subject=公司；metric=归属于上市公司股东的净资产；period=本期；unit=万元；scope=未标明,归属于上市公司股东的净资产,本期,81073.31,万元,未标明,答辩评测\annual_reports_final,,
SR-028,6,总资产,subject=公司；metric=总资产；period=本期；unit=万元；scope=未标明,总资产,本期,94925.68,万元,未标明,答辩评测\annual_reports_final,,
SR-028,7,基本每股收益（元／股）,subject=公司；metric=基本每股收益（元／股）；period=本期；unit=%；scope=未标明,基本每股收益（元／股）,本期,0.75,%,未标明,答辩评测\annual_reports_final,,
SR-028,8,营业收入,subject=公司；metric=营业收入；period=本期；unit=万元；scope=合并,营业收入,本期,39440.58,万元,合并,答辩评测\annual_reports_final,,
SR-029,1,营业收入,subject=公司；metric=营业收入；period=本期；unit=元；scope=未标明,营业收入,本期,305332264.26,元,未标明,答辩评测\annual_reports_final,,
SR-029,2,归属于上市公司股东的扣除非经常性损益的净利润,subject=公司；metric=归属于上市公司股东的扣除非经常性损益的净利润；period=本期；unit=元；scope=未标明,归属于上市公司股东的扣除非经常性损益的净利润,本期,4921298.5,元,未标明,答辩评测\annual_reports_final,,
SR-029,3,经营活动产生的现金流量净额,subject=公司；metric=经营活动产生的现金流量净额；period=本期；unit=元；scope=未标明,经营活动产生的现金流量净额,本期,-35277010.03,元,未标明,答辩评测\annual_reports_final,,
SR-029,4,归属于上市公司股东的净资产,subject=公司；metric=归属于上市公司股东的净资产；period=本期；unit=元；scope=未标明,归属于上市公司股东的净资产,本期,854534300.84,元,未标明,答辩评测\annual_reports_final,,
SR-029,5,总资产,subject=公司；metric=总资产；period=本期；unit=元；scope=未标明,总资产,本期,953356680.74,元,未标明,答辩评测\annual_reports_final,,
SR-029,6,基本每股收益（元／股）,subject=公司；metric=基本每股收益（元／股）；period=本期；unit=元；scope=未标明,基本每股收益（元／股）,本期,0.27,元,未标明,答辩评测\annual_reports_final,,
SR-029,7,归属于上市公司股东的净利润,subject=公司；metric=归属于上市公司股东的净利润；period=本期；unit=元；scope=合并,归属于上市公司股东的净利润,本期,14519609.48,元,合并,答辩评测\annual_reports_final,,
SR-030,1,营业收入,subject=公司；metric=营业收入；period=本期；unit=元；scope=合并,营业收入,本期,53589664728.2,元,合并,答辩评测\annual_reports_final,,
SR-030,2,归属于上市公司股东的净利润,subject=公司；metric=归属于上市公司股东的净利润；period=本期；unit=元；scope=合并,归属于上市公司股东的净利润,本期,577825648.39,元,合并,答辩评测\annual_reports_final,,
SR-030,3,归属于上市公司股东的扣除非经常性损益的净利润,subject=公司；metric=归属于上市公司股东的扣除非经常性损益的净利润；period=本期；unit=元；scope=未标明,归属于上市公司股东的扣除非经常性损益的净利润,本期,575823047.46,元,未标明,答辩评测\annual_reports_final,,
SR-030,4,归属于上市公司股东的净资产,subject=公司；metric=归属于上市公司股东的净资产；period=本期；unit=元；scope=未标明,归属于上市公司股东的净资产,本期,6435194234.05,元,未标明,答辩评测\annual_reports_final,,
SR-030,5,总资产,subject=公司；metric=总资产；period=本期；unit=元；scope=未标明,总资产,本期,28410231716.06,元,未标明,答辩评测\annual_reports_final,,
SR-030,6,基本每股收益（元／股）,subject=公司；metric=基本每股收益（元／股）；period=本期；unit=%；scope=未标明,基本每股收益（元／股）,本期,0.45,%,未标明,答辩评测\annual_reports_final,,
SR-030,7,营业收入@13页,subject=公司；metric=营业收入；period=本期；unit=元；scope=未标明,营业收入,本期,53589664728.2,元,未标明,答辩评测\annual_reports_final,,
SR-030,8,营业成本,subject=公司；metric=营业成本；period=本期；unit=元；scope=未标明,营业成本,本期,50276361667.87,元,未标明,答辩评测\annual_reports_final,,
SR-030,9,销售费用,subject=公司；metric=销售费用；period=本期；unit=元；scope=未标明,销售费用,本期,1173100689.57,元,未标明,答辩评测\annual_reports_final,,
SR-030,10,管理费用,subject=公司；metric=管理费用；period=本期；unit=元；scope=未标明,管理费用,本期,517443394.34,元,未标明,答辩评测\annual_reports_final,,
SR-030,11,财务费用,subject=公司；metric=财务费用；period=本期；unit=元；scope=未标明,财务费用,本期,534751489.15,元,未标明,答辩评测\annual_reports_final,,
SR-030,12,研发费用,subject=公司；metric=研发费用；period=本期；unit=元；scope=未标明,研发费用,本期,36189149.34,元,未标明,答辩评测\annual_reports_final,,
SR-030,13,营业收入@6页,subject=公司；metric=营业收入；period=本期；unit=元；scope=未标明,营业收入,本期,53589664728.2,元,未标明,答辩评测\annual_reports_final,,
SR-030,14,投资活动产生的现金流量净额,subject=公司；metric=投资活动产生的现金流量净额；period=本期；unit=元；scope=未标明,投资活动产生的现金流量净额,本期,-173176040.09,元,未标明,答辩评测\annual_reports_final,,
SR-030,15,筹资活动产生的现金流量净额,subject=公司；metric=筹资活动产生的现金流量净额；period=本期；unit=元；scope=未标明,筹资活动产生的现金流量净额,本期,-1156772435.81,元,未标明,答辩评测\annual_reports_final,,
SR-030,16,经营活动产生的现金流量净额,subject=公司；metric=经营活动产生的现金流量净额；period=本期；unit=元；scope=合并,经营活动产生的现金流量净额,本期,1906405193.03,元,合并,答辩评测\annual_reports_final,,
SR-031,1,营业收入,subject=公司；metric=营业收入；period=本期；unit=万元；scope=合并,营业收入,本期,551490.04,万元,合并,答辩评测\annual_reports_final,,
SR-031,2,归属于上市公司股东的净利润,subject=公司；metric=归属于上市公司股东的净利润；period=本期；unit=万元；scope=合并,归属于上市公司股东的净利润,本期,41257.92,万元,合并,答辩评测\annual_reports_final,,
SR-031,3,归属于上市公司股东的扣除非经常性损益的净利润,subject=公司；metric=归属于上市公司股东的扣除非经常性损益的净利润；period=本期；unit=万元；scope=未标明,归属于上市公司股东的扣除非经常性损益的净利润,本期,40299.69,万元,未标明,答辩评测\annual_reports_final,,
SR-031,4,经营活动产生的现金流量净额,subject=公司；metric=经营活动产生的现金流量净额；period=本期；unit=万元；scope=未标明,经营活动产生的现金流量净额,本期,9581.38,万元,未标明,答辩评测\annual_reports_final,,
SR-031,5,归属于上市公司股东的净资产,subject=公司；metric=归属于上市公司股东的净资产；period=本期；unit=万元；scope=未标明,归属于上市公司股东的净资产,本期,292741.92,万元,未标明,答辩评测\annual_reports_final,,
SR-031,6,总资产,subject=公司；metric=总资产；period=本期；unit=万元；scope=合并,总资产,本期,695218.61,万元,合并,答辩评测\annual_reports_final,,
SR-031,7,基本每股收益（元／股）,subject=公司；metric=基本每股收益（元／股）；period=本期；unit=%；scope=未标明,基本每股收益（元／股）,本期,1.12,%,未标明,答辩评测\annual_reports_final,,
SR-031,8,营业收入@25页,subject=公司；metric=营业收入；period=本期；unit=万元；scope=未标明,营业收入,本期,551490.04,万元,未标明,答辩评测\annual_reports_final,,
SR-031,9,营业成本,subject=公司；metric=营业成本；period=本期；unit=万元；scope=未标明,营业成本,本期,471023.72,万元,未标明,答辩评测\annual_reports_final,,
SR-031,10,销售费用,subject=公司；metric=销售费用；period=本期；unit=万元；scope=未标明,销售费用,本期,1795.43,万元,未标明,答辩评测\annual_reports_final,,
SR-031,11,管理费用,subject=公司；metric=管理费用；period=本期；unit=万元；scope=未标明,管理费用,本期,7043.37,万元,未标明,答辩评测\annual_reports_final,,
SR-031,12,财务费用,subject=公司；metric=财务费用；period=本期；unit=万元；scope=未标明,财务费用,本期,7787.12,万元,未标明,答辩评测\annual_reports_final,,
SR-031,13,研发费用,subject=公司；metric=研发费用；period=本期；unit=万元；scope=合并,研发费用,本期,14943.54,万元,合并,答辩评测\annual_reports_final,,
SR-031,14,营业收入@8页,subject=公司；metric=营业收入；period=本期；unit=万元；scope=未标明,营业收入,本期,551490.04,万元,未标明,答辩评测\annual_reports_final,,
SR-031,15,研发费用@28页,subject=公司；metric=研发费用；period=本期；unit=万元；scope=未标明,研发费用,本期,14943.54,万元,未标明,答辩评测\annual_reports_final,,
SR-031,16,货币资金,subject=公司；metric=货币资金；period=本期；unit=万元；scope=合并,货币资金,本期,147099.13,万元,合并,答辩评测\annual_reports_final,,
SR-031,17,应收账款,subject=公司；metric=应收账款；period=本期；unit=万元；scope=未标明,应收账款,本期,96467.24,万元,未标明,答辩评测\annual_reports_final,,
SR-031,18,存货,subject=公司；metric=存货；period=本期；unit=万元；scope=合并,存货,本期,151982.07,万元,合并,答辩评测\annual_reports_final,,
SR-031,19,固定资产,subject=公司；metric=固定资产；period=本期；unit=万元；scope=合并,固定资产,本期,176712.96,万元,合并,答辩评测\annual_reports_final,,
SR-031,20,短期借款,subject=公司；metric=短期借款；period=本期；unit=万元；scope=未标明,短期借款,本期,52080.26,万元,未标明,答辩评测\annual_reports_final,,
SR-031,21,应付票据,subject=公司；metric=应付票据；period=本期；unit=万元；scope=未标明,应付票据,本期,27114.34,万元,未标明,答辩评测\annual_reports_final,,
SR-031,22,应付账款,subject=公司；metric=应付账款；period=本期；unit=万元；scope=合并,应付账款,本期,128176.79,万元,合并,答辩评测\annual_reports_final,,
SR-031,23,应收款项融资,subject=公司；metric=应收款项融资；period=本期；unit=万元；scope=合并,应收款项融资,本期,63851.08,万元,合并,答辩评测\annual_reports_final,,
SR-032,1,营业收入,subject=公司；metric=营业收入；period=本期；unit=元；scope=合并,营业收入,本期,2018182563.12,元,合并,答辩评测\annual_reports_final,,
SR-032,2,归属于上市公司股东的净利润,subject=公司；metric=归属于上市公司股东的净利润；period=本期；unit=元；scope=合并,归属于上市公司股东的净利润,本期,644174819.25,元,合并,答辩评测\annual_reports_final,,
SR-032,3,归属于上市公司股东的扣除非经常性损益的净利润,subject=公司；metric=归属于上市公司股东的扣除非经常性损益的净利润；period=本期；unit=元；scope=合并,归属于上市公司股东的扣除非经常性损益的净利润,本期,606184283.19,元,合并,答辩评测\annual_reports_final,,
SR-032,4,经营活动产生的现金流量净额,subject=公司；metric=经营活动产生的现金流量净额；period=本期；unit=元；scope=未标明,经营活动产生的现金流量净额,本期,674649764.32,元,未标明,答辩评测\annual_reports_final,,
SR-032,5,归属于上市公司股东的净资产,subject=公司；metric=归属于上市公司股东的净资产；period=本期；unit=元；scope=未标明,归属于上市公司股东的净资产,本期,3982277872.45,元,未标明,答辩评测\annual_reports_final,,
SR-032,6,总资产,subject=公司；metric=总资产；period=本期；unit=元；scope=未标明,总资产,本期,4376495351.66,元,未标明,答辩评测\annual_reports_final,,
SR-032,7,基本每股收益（元／股）,subject=公司；metric=基本每股收益（元／股）；period=本期；unit=%；scope=未标明,基本每股收益（元／股）,本期,1.43,%,未标明,答辩评测\annual_reports_final,,
SR-032,8,营业收入@38页,subject=公司；metric=营业收入；period=本期；unit=元；scope=未标明,营业收入,本期,2018182563.12,元,未标明,答辩评测\annual_reports_final,,
SR-032,9,销售费用,subject=公司；metric=销售费用；period=本期；unit=元；scope=未标明,销售费用,本期,920506373.87,元,未标明,答辩评测\annual_reports_final,,
SR-032,10,管理费用,subject=公司；metric=管理费用；period=本期；unit=元；scope=未标明,管理费用,本期,131507930.94,元,未标明,答辩评测\annual_reports_final,,
SR-032,11,财务费用,subject=公司；metric=财务费用；period=本期；unit=元；scope=未标明,财务费用,本期,-54425165.24,元,未标明,答辩评测\annual_reports_final,,
SR-032,12,研发费用,subject=公司；metric=研发费用；period=本期；unit=元；scope=未标明,研发费用,本期,313059372.61,元,未标明,答辩评测\annual_reports_final,,
SR-032,13,营业收入@11页,subject=公司；metric=营业收入；period=本期；unit=元；scope=未标明,营业收入,本期,2018182563.12,元,未标明,答辩评测\annual_reports_final,,
SR-032,14,营业成本,subject=公司；metric=营业成本；period=本期；unit=元；scope=母公司,营业成本,本期,77873367.04,元,母公司,答辩评测\annual_reports_final,,
SR-033,1,营业收入@上期,subject=公司；metric=营业收入；period=上期；unit=元；scope=合并,营业收入,上期,5266128808.7,元,合并,答辩评测\annual_reports_final,,
SR-033,2,归属于上市公司股东的净利润,subject=公司；metric=归属于上市公司股东的净利润；period=本期；unit=元；scope=合并,归属于上市公司股东的净利润,本期,1020639699.5,元,合并,答辩评测\annual_reports_final,,
SR-033,3,归属于上市公司股东的扣除非经常性损益的净利润,subject=公司；metric=归属于上市公司股东的扣除非经常性损益的净利润；period=本期；unit=元；scope=未标明,归属于上市公司股东的扣除非经常性损益的净利润,本期,981314772.87,元,未标明,答辩评测\annual_reports_final,,
SR-033,4,经营活动产生的现金流量净额,subject=公司；metric=经营活动产生的现金流量净额；period=本期；unit=元；scope=未标明,经营活动产生的现金流量净额,本期,1902299779.91,元,未标明,答辩评测\annual_reports_final,,
SR-033,5,归属于上市公司股东的净资产,subject=公司；metric=归属于上市公司股东的净资产；period=本期；unit=元；scope=未标明,归属于上市公司股东的净资产,本期,8618057289.99,元,未标明,答辩评测\annual_reports_final,,
SR-033,6,总资产,subject=公司；metric=总资产；period=本期；unit=元；scope=未标明,总资产,本期,10357012023.81,元,未标明,答辩评测\annual_reports_final,,
SR-033,7,营业成本,subject=公司；metric=营业成本；period=本期；unit=元；scope=未标明,营业成本,本期,4341540457.0,元,未标明,答辩评测\annual_reports_final,,
SR-033,8,管理费用,subject=公司；metric=管理费用；period=本期；unit=元；scope=未标明,管理费用,本期,307040889.22,元,未标明,答辩评测\annual_reports_final,,
SR-033,9,财务费用,subject=公司；metric=财务费用；period=本期；unit=元；scope=未标明,财务费用,本期,23160408.33,元,未标明,答辩评测\annual_reports_final,,
SR-033,10,投资活动产生的现金流量净额,subject=公司；metric=投资活动产生的现金流量净额；period=本期；unit=元；scope=未标明,投资活动产生的现金流量净额,本期,-655295148.41,元,未标明,答辩评测\annual_reports_final,,
SR-033,11,筹资活动产生的现金流量净额,subject=公司；metric=筹资活动产生的现金流量净额；period=本期；unit=元；scope=未标明,筹资活动产生的现金流量净额,本期,-1164397400.62,元,未标明,答辩评测\annual_reports_final,,
SR-033,12,营业收入,subject=公司；metric=营业收入；period=本期；unit=元；scope=合并,营业收入,本期,5969770370.47,元,合并,答辩评测\annual_reports_final,,
SR-034,1,归属于上市公司股东的净利润,subject=公司；metric=归属于上市公司股东的净利润；period=本期；unit=元；scope=合并,归属于上市公司股东的净利润,本期,233261248.25,元,合并,答辩评测\annual_reports_final,,
SR-034,2,营业收入,subject=公司；metric=营业收入；period=本期；unit=元；scope=未标明,营业收入,本期,743909348.44,元,未标明,答辩评测\annual_reports_final,,
SR-034,3,归属于上市公司股东的扣除非经常性损益的净利润,subject=公司；metric=归属于上市公司股东的扣除非经常性损益的净利润；period=本期；unit=元；scope=未标明,归属于上市公司股东的扣除非经常性损益的净利润,本期,217363134.98,元,未标明,答辩评测\annual_reports_final,,
SR-034,4,经营活动产生的现金流量净额,subject=公司；metric=经营活动产生的现金流量净额；period=本期；unit=元；scope=未标明,经营活动产生的现金流量净额,本期,231219653.87,元,未标明,答辩评测\annual_reports_final,,
SR-034,5,货币资金,subject=公司；metric=货币资金；period=本期；unit=元；scope=未标明,货币资金,本期,940357282.23,元,未标明,答辩评测\annual_reports_final,,
SR-034,6,其他流动资产,subject=公司；metric=其他流动资产；period=本期；unit=元；scope=未标明,其他流动资产,本期,381351844.96,元,未标明,答辩评测\annual_reports_final,,
SR-034,7,预付款项,subject=公司；metric=预付款项；period=本期；unit=元；scope=未标明,预付款项,本期,4880489.68,元,未标明,答辩评测\annual_reports_final,,
SR-034,8,应付账款,subject=公司；metric=应付账款；period=本期；unit=元；scope=未标明,应付账款,本期,17191508.36,元,未标明,答辩评测\annual_reports_final,,
SR-034,9,其他应付款,subject=公司；metric=其他应付款；period=本期；unit=元；scope=未标明,其他应付款,本期,26127820.51,元,未标明,答辩评测\annual_reports_final,,
SR-034,10,交易性金融资产,subject=公司；metric=交易性金融资产；period=本期；unit=元；scope=合并,交易性金融资产,本期,149781969.99,元,合并,答辩评测\annual_reports_final,,
SR-035,1,营业收入@上期,subject=公司；metric=营业收入；period=上期；unit=元；scope=合并,营业收入,上期,2866136492.36,元,合并,答辩评测\annual_reports_final,,
SR-035,2,归属于上市公司股东的净利润,subject=公司；metric=归属于上市公司股东的净利润；period=本期；unit=元；scope=合并,归属于上市公司股东的净利润,本期,152017769.62,元,合并,答辩评测\annual_reports_final,,
SR-035,3,归属于上市公司股东的扣除非经常性损益的净利润,subject=公司；metric=归属于上市公司股东的扣除非经常性损益的净利润；period=本期；unit=元；scope=未标明,归属于上市公司股东的扣除非经常性损益的净利润,本期,145887037.53,元,未标明,答辩评测\annual_reports_final,,
SR-035,4,经营活动产生的现金流量净额,subject=公司；metric=经营活动产生的现金流量净额；period=本期；unit=元；scope=未标明,经营活动产生的现金流量净额,本期,172455598.65,元,未标明,答辩评测\annual_reports_final,,
SR-035,5,归属于上市公司股东的净资产,subject=公司；metric=归属于上市公司股东的净资产；period=本期；unit=元；scope=未标明,归属于上市公司股东的净资产,本期,1880095043.01,元,未标明,答辩评测\annual_reports_final,,
SR-035,6,总资产,subject=公司；metric=总资产；period=本期；unit=元；scope=未标明,总资产,本期,5196007165.33,元,未标明,答辩评测\annual_reports_final,,
SR-035,7,基本每股收益（元／股）,subject=公司；metric=基本每股收益（元／股）；period=本期；unit=%；scope=未标明,基本每股收益（元／股）,本期,1.69,%,未标明,答辩评测\annual_reports_final,,
SR-035,8,营业成本,subject=公司；metric=营业成本；period=本期；unit=元；scope=未标明,营业成本,本期,2022633360.98,元,未标明,答辩评测\annual_reports_final,,
SR-035,9,销售费用,subject=公司；metric=销售费用；period=本期；unit=元；scope=未标明,销售费用,本期,33240475.35,元,未标明,答辩评测\annual_reports_final,,
SR-035,10,管理费用,subject=公司；metric=管理费用；period=本期；unit=元；scope=未标明,管理费用,本期,133001891.08,元,未标明,答辩评测\annual_reports_final,,
SR-035,11,财务费用,subject=公司；metric=财务费用；period=本期；unit=元；scope=未标明,财务费用,本期,-21343591.38,元,未标明,答辩评测\annual_reports_final,,
SR-035,12,研发费用,subject=公司；metric=研发费用；period=本期；unit=元；scope=未标明,研发费用,本期,108074551.24,元,未标明,答辩评测\annual_reports_final,,
SR-035,13,营业收入,subject=公司；metric=营业收入；period=本期；unit=元；scope=合并,营业收入,本期,2475597183.36,元,合并,答辩评测\annual_reports_final,,
SR-036,1,营业收入,subject=公司；metric=营业收入；period=本期；unit=元；scope=合并,营业收入,本期,511346189.29,元,合并,答辩评测\annual_reports_final,,
SR-036,2,归属于上市公司股东的净利润,subject=公司；metric=归属于上市公司股东的净利润；period=本期；unit=元；scope=合并,归属于上市公司股东的净利润,本期,33575207.89,元,合并,答辩评测\annual_reports_final,,
SR-036,3,归属于上市公司股东的扣除非经常性损益的净利润,subject=公司；metric=归属于上市公司股东的扣除非经常性损益的净利润；period=本期；unit=元；scope=未标明,归属于上市公司股东的扣除非经常性损益的净利润,本期,28190247.3,元,未标明,答辩评测\annual_reports_final,,
SR-036,4,经营活动产生的现金流量净额,subject=公司；metric=经营活动产生的现金流量净额；period=本期；unit=元；scope=未标明,经营活动产生的现金流量净额,本期,162305706.39,元,未标明,答辩评测\annual_reports_final,,
SR-036,5,总资产,subject=公司；metric=总资产；period=本期；unit=元；scope=未标明,总资产,本期,1429119669.81,元,未标明,答辩评测\annual_reports_final,,
SR-036,6,基本每股收益（元／股）,subject=公司；metric=基本每股收益（元／股）；period=本期；unit=%；scope=未标明,基本每股收益（元／股）,本期,0.05,%,未标明,答辩评测\annual_reports_final,,
SR-036,7,投资活动产生的现金流量净额,subject=公司；metric=投资活动产生的现金流量净额；period=本期；unit=元；scope=合并,投资活动产生的现金流量净额,本期,-161446656.57,元,合并,答辩评测\annual_reports_final,,
SR-036,8,交易性金融资产,subject=公司；metric=交易性金融资产；period=本期；unit=元；scope=未标明,交易性金融资产,本期,0.0,元,未标明,答辩评测\annual_reports_final,,
SR-036,9,应收账款,subject=公司；metric=应收账款；period=本期；unit=元；scope=未标明,应收账款,本期,824064.48,元,未标明,答辩评测\annual_reports_final,,
SR-036,10,预付款项,subject=公司；metric=预付款项；period=本期；unit=元；scope=未标明,预付款项,本期,3158596.84,元,未标明,答辩评测\annual_reports_final,,
SR-036,11,其他流动资产,subject=公司；metric=其他流动资产；period=本期；unit=元；scope=未标明,其他流动资产,本期,7860709.72,元,未标明,答辩评测\annual_reports_final,,
SR-036,12,长期股权投资,subject=公司；metric=长期股权投资；period=本期；unit=元；scope=未标明,长期股权投资,本期,178202189.1,元,未标明,答辩评测\annual_reports_final,,
SR-036,13,在建工程,subject=公司；metric=在建工程；period=本期；unit=元；scope=未标明,在建工程,本期,401287.8,元,未标明,答辩评测\annual_reports_final,,
SR-036,14,投资活动产生的现金流量净额@8页,subject=公司；metric=投资活动产生的现金流量净额；period=本期；unit=元；scope=未标明,投资活动产生的现金流量净额,本期,-161446656.57,元,未标明,答辩评测\annual_reports_final,,
SR-036,15,归属于上市公司股东的净资产,subject=公司；metric=归属于上市公司股东的净资产；period=本期；unit=元；scope=合并,归属于上市公司股东的净资产,本期,1145398039.72,元,合并,答辩评测\annual_reports_final,,
SR-037,1,营业收入@上期,subject=公司；metric=营业收入；period=上期；unit=元；scope=合并,营业收入,上期,3556551569.15,元,合并,答辩评测\annual_reports_final,,
SR-037,2,扣除与主营业务无关的业务收入和不具备商业实质的收入后的营业收入,subject=公司；metric=扣除与主营业务无关的业务收入和不具备商业实质的收入后的营业收入；period=本期；unit=元；scope=未标明,扣除与主营业务无关的业务收入和不具备商业实质的收入后的营业收入,本期,537896345.94,元,未标明,答辩评测\annual_reports_final,,
SR-037,3,归属于上市公司股东的净利润,subject=公司；metric=归属于上市公司股东的净利润；period=本期；unit=元；scope=合并,归属于上市公司股东的净利润,本期,27382940.5,元,合并,答辩评测\annual_reports_final,,
SR-037,4,归属于上市公司股东的扣除非经常性损益的净利润,subject=公司；metric=归属于上市公司股东的扣除非经常性损益的净利润；period=本期；unit=元；scope=未标明,归属于上市公司股东的扣除非经常性损益的净利润,本期,-59329923.26,元,未标明,答辩评测\annual_reports_final,,
SR-037,5,经营活动产生的现金流量净额,subject=公司；metric=经营活动产生的现金流量净额；period=本期；unit=元；scope=合并,经营活动产生的现金流量净额,本期,-51949238.2,元,合并,答辩评测\annual_reports_final,,
SR-037,6,归属于上市公司股东的净资产,subject=公司；metric=归属于上市公司股东的净资产；period=本期；unit=元；scope=未标明,归属于上市公司股东的净资产,本期,3359976486.12,元,未标明,答辩评测\annual_reports_final,,
SR-037,7,总资产,subject=公司；metric=总资产；period=本期；unit=元；scope=未标明,总资产,本期,3560592952.1,元,未标明,答辩评测\annual_reports_final,,
SR-037,8,研发投入占营业收入的比例（%）,subject=公司；metric=研发投入占营业收入的比例（%）；period=本期；unit=%；scope=合并,研发投入占营业收入的比例（%）,本期,24.29,%,合并,答辩评测\annual_reports_final,,
SR-037,9,营业成本,subject=公司；metric=营业成本；period=本期；unit=元；scope=母公司,营业成本,本期,232994996.71,元,母公司,答辩评测\annual_reports_final,,
SR-037,10,销售费用,subject=公司；metric=销售费用；period=本期；unit=元；scope=母公司,销售费用,本期,171153585.54,元,母公司,答辩评测\annual_reports_final,,
SR-037,11,营业收入,subject=公司；metric=营业收入；period=本期；unit=元；scope=合并,营业收入,本期,541251205.97,元,合并,答辩评测\annual_reports_final,,
SR-038,1,销售费用,subject=公司；metric=销售费用；period=本期；unit=元；scope=未标明,销售费用,本期,8813727.25,元,未标明,答辩评测\annual_reports_final,,
SR-038,2,管理费用,subject=公司；metric=管理费用；period=本期；unit=元；scope=未标明,管理费用,本期,20333875.57,元,未标明,答辩评测\annual_reports_final,,
SR-038,3,财务费用,subject=公司；metric=财务费用；period=本期；unit=元；scope=未标明,财务费用,本期,-34773129.33,元,未标明,答辩评测\annual_reports_final,,
SR-038,4,研发费用,subject=公司；metric=研发费用；period=本期；unit=元；scope=未标明,研发费用,本期,601359.17,元,未标明,答辩评测\annual_reports_final,,
SR-038,5,研发人员数量（人）,subject=公司；metric=研发人员数量（人）；period=本期；unit=元；scope=未标明,研发人员数量（人）,本期,5.0,元,未标明,答辩评测\annual_reports_final,,
SR-038,6,研发人员数量占比,subject=公司；metric=研发人员数量占比；period=本期；unit=元；scope=未标明,研发人员数量占比,本期,0.55,元,未标明,答辩评测\annual_reports_final,,
SR-038,7,本科,subject=公司；metric=本科；period=本期；unit=元；scope=合并,本科,本期,5.0,元,合并,答辩评测\annual_reports_final,,
SR-039,1,营业收入,subject=公司；metric=营业收入；period=本期；unit=元；scope=合并,营业收入,本期,2807383491.57,元,合并,答辩评测\annual_reports_final,,
SR-039,2,归属于上市公司股东的净利润,subject=公司；metric=归属于上市公司股东的净利润；period=本期；unit=元；scope=未标明,归属于上市公司股东的净利润,本期,187158325.77,元,未标明,答辩评测\annual_reports_final,,
SR-039,3,归属于上市公司股东的扣除非经常性损益的净利润,subject=公司；metric=归属于上市公司股东的扣除非经常性损益的净利润；period=本期；unit=元；scope=未标明,归属于上市公司股东的扣除非经常性损益的净利润,本期,180392608.69,元,未标明,答辩评测\annual_reports_final,,
SR-039,4,经营活动产生的现金流量净额,subject=公司；metric=经营活动产生的现金流量净额；period=本期；unit=元；scope=未标明,经营活动产生的现金流量净额,本期,374478256.13,元,未标明,答辩评测\annual_reports_final,,
SR-039,5,归属于上市公司股东的净资产,subject=公司；metric=归属于上市公司股东的净资产；period=本期；unit=元；scope=合并,归属于上市公司股东的净资产,本期,3272095509.83,元,合并,答辩评测\annual_reports_final,,
SR-039,6,总资产,subject=公司；metric=总资产；period=本期；unit=元；scope=合并,总资产,本期,5462392753.24,元,合并,答辩评测\annual_reports_final,,
SR-039,7,基本每股收益（元／股）,subject=公司；metric=基本每股收益（元／股）；period=本期；unit=%；scope=未标明,基本每股收益（元／股）,本期,0.35,%,未标明,答辩评测\annual_reports_final,,
SR-039,8,营业收入@14页,subject=公司；metric=营业收入；period=本期；unit=元；scope=未标明,营业收入,本期,2807383491.57,元,未标明,答辩评测\annual_reports_final,,
SR-039,9,营业成本,subject=公司；metric=营业成本；period=本期；unit=元；scope=合并,营业成本,本期,2203216044.34,元,合并,答辩评测\annual_reports_final,,
SR-039,10,销售费用,subject=公司；metric=销售费用；period=本期；unit=元；scope=合并,销售费用,本期,35581604.79,元,合并,答辩评测\annual_reports_final,,
SR-039,11,财务费用,subject=公司；metric=财务费用；period=本期；unit=元；scope=合并,财务费用,本期,-43531352.57,元,合并,答辩评测\annual_reports_final,,
SR-039,12,研发费用,subject=公司；metric=研发费用；period=本期；unit=元；scope=合并,研发费用,本期,161040410.63,元,合并,答辩评测\annual_reports_final,,
SR-039,13,营业收入@6页,subject=公司；metric=营业收入；period=本期；unit=元；scope=未标明,营业收入,本期,2807383491.57,元,未标明,答辩评测\annual_reports_final,,
SR-039,14,销售费用@19页,subject=公司；metric=销售费用；period=本期；unit=元；scope=未标明,销售费用,本期,35581604.79,元,未标明,答辩评测\annual_reports_final,,
SR-039,15,管理费用@上期,subject=公司；metric=管理费用；period=上期；unit=元；scope=合并,管理费用,上期,135327876.12,元,合并,答辩评测\annual_reports_final,,
SR-039,16,财务费用@19页,subject=公司；metric=财务费用；period=本期；unit=元；scope=未标明,财务费用,本期,-43531352.57,元,未标明,答辩评测\annual_reports_final,,
SR-039,17,研发费用@19页,subject=公司；metric=研发费用；period=本期；unit=元；scope=未标明,研发费用,本期,161040410.63,元,未标明,答辩评测\annual_reports_final,,
SR-039,18,销售费用@14页,subject=公司；metric=销售费用；period=本期；unit=元；scope=未标明,销售费用,本期,35581604.79,元,未标明,答辩评测\annual_reports_final,,
SR-039,19,研发费用@14页,subject=公司；metric=研发费用；period=本期；unit=元；scope=未标明,研发费用,本期,161040410.63,元,未标明,答辩评测\annual_reports_final,,
SR-039,20,财务费用@14页,subject=公司；metric=财务费用；period=本期；unit=元；scope=未标明,财务费用,本期,-43531352.57,元,未标明,答辩评测\annual_reports_final,,
SR-039,21,应收票据,subject=公司；metric=应收票据；period=本期；unit=元；scope=合并,应收票据,本期,11017411.0,元,合并,答辩评测\annual_reports_final,,
SR-039,22,投资活动产生的现金流量净额,subject=公司；metric=投资活动产生的现金流量净额；period=本期；unit=元；scope=未标明,投资活动产生的现金流量净额,本期,-129401345.75,元,未标明,答辩评测\annual_reports_final,,
SR-039,23,筹资活动产生的现金流量净额,subject=公司；metric=筹资活动产生的现金流量净额；period=本期；unit=元；scope=未标明,筹资活动产生的现金流量净额,本期,-42352337.74,元,未标明,答辩评测\annual_reports_final,,
SR-039,24,货币资金,subject=公司；metric=货币资金；period=本期；unit=元；scope=未标明,货币资金,本期,2174441336.49,元,未标明,答辩评测\annual_reports_final,,
SR-039,25,应收账款,subject=公司；metric=应收账款；period=本期；unit=元；scope=未标明,应收账款,本期,427245283.6,元,未标明,答辩评测\annual_reports_final,,
SR-039,26,应收款项融资,subject=公司；metric=应收款项融资；period=本期；unit=元；scope=合并,应收款项融资,本期,49274067.59,元,合并,答辩评测\annual_reports_final,,
SR-039,27,其他应收款,subject=公司；metric=其他应收款；period=本期；unit=元；scope=合并,其他应收款,本期,23324316.54,元,合并,答辩评测\annual_reports_final,,
SR-039,28,存货,subject=公司；metric=存货；period=本期；unit=元；scope=合并,存货,本期,228535255.82,元,合并,答辩评测\annual_reports_final,,
SR-039,29,合同资产,subject=公司；metric=合同资产；period=本期；unit=元；scope=合并,合同资产,本期,1230639533.94,元,合并,答辩评测\annual_reports_final,,
SR-039,30,其他流动资产,subject=公司；metric=其他流动资产；period=本期；unit=元；scope=合并,其他流动资产,本期,28863177.05,元,合并,答辩评测\annual_reports_final,,
SR-039,31,长期应收款,subject=公司；metric=长期应收款；period=本期；unit=元；scope=合并,长期应收款,本期,134499299.2,元,合并,答辩评测\annual_reports_final,,
SR-039,32,在建工程,subject=公司；metric=在建工程；period=本期；unit=元；scope=合并,在建工程,本期,65251360.12,元,合并,答辩评测\annual_reports_final,,
SR-039,33,递延所得税资产,subject=公司；metric=递延所得税资产；period=本期；unit=元；scope=合并,递延所得税资产,本期,50961569.22,元,合并,答辩评测\annual_reports_final,,
SR-039,34,管理费用,subject=公司；metric=管理费用；period=本期；unit=元；scope=合并,管理费用,本期,146978634.71,元,合并,答辩评测\annual_reports_final,,
SR-040,1,归属于上市公司股东的净利润@上期,subject=公司；metric=归属于上市公司股东的净利润；period=上期；unit=元；scope=合并,归属于上市公司股东的净利润,上期,-129222906.3,元,合并,答辩评测\annual_reports_final,,
SR-040,2,营业收入,subject=公司；metric=营业收入；period=本期；unit=元；scope=未标明,营业收入,本期,2643206392.54,元,未标明,答辩评测\annual_reports_final,,
SR-040,3,归属于上市公司股东的扣除非经常性损益的净利润,subject=公司；metric=归属于上市公司股东的扣除非经常性损益的净利润；period=本期；unit=元；scope=未标明,归属于上市公司股东的扣除非经常性损益的净利润,本期,23994855.82,元,未标明,答辩评测\annual_reports_final,,
SR-040,4,经营活动产生的现金流量净额,subject=公司；metric=经营活动产生的现金流量净额；period=本期；unit=元；scope=未标明,经营活动产生的现金流量净额,本期,300166085.82,元,未标明,答辩评测\annual_reports_final,,
SR-040,5,归属于上市公司股东的净资产,subject=公司；metric=归属于上市公司股东的净资产；period=本期；unit=元；scope=未标明,归属于上市公司股东的净资产,本期,1098908366.51,元,未标明,答辩评测\annual_reports_final,,
SR-040,6,总资产,subject=公司；metric=总资产；period=本期；unit=元；scope=未标明,总资产,本期,2707831587.73,元,未标明,答辩评测\annual_reports_final,,
SR-040,7,归属于上市公司股东的净利润,subject=公司；metric=归属于上市公司股东的净利润；period=本期；unit=元；scope=合并,归属于上市公司股东的净利润,本期,22237215.77,元,合并,答辩评测\annual_reports_final,,
SR-041,1,营业收入@上期,subject=公司；metric=营业收入；period=上期；unit=元；scope=合并,营业收入,上期,1744989060.09,元,合并,答辩评测\annual_reports_final,,
SR-041,2,归属于上市公司股东的净利润,subject=公司；metric=归属于上市公司股东的净利润；period=本期；unit=元；scope=合并,归属于上市公司股东的净利润,本期,247921313.25,元,合并,答辩评测\annual_reports_final,,
SR-041,3,归属于上市公司股东的扣除非经常性损益的净利润,subject=公司；metric=归属于上市公司股东的扣除非经常性损益的净利润；period=本期；unit=元；scope=未标明,归属于上市公司股东的扣除非经常性损益的净利润,本期,178954495.9,元,未标明,答辩评测\annual_reports_final,,
SR-041,4,经营活动产生的现金流量净额,subject=公司；metric=经营活动产生的现金流量净额；period=本期；unit=元；scope=未标明,经营活动产生的现金流量净额,本期,-7480531.05,元,未标明,答辩评测\annual_reports_final,,
SR-041,5,归属于上市公司股东的净资产,subject=公司；metric=归属于上市公司股东的净资产；period=本期；unit=元；scope=未标明,归属于上市公司股东的净资产,本期,3084096598.17,元,未标明,答辩评测\annual_reports_final,,
SR-041,6,总资产,subject=公司；metric=总资产；period=本期；unit=元；scope=未标明,总资产,本期,3761645909.3,元,未标明,答辩评测\annual_reports_final,,
SR-041,7,基本每股收益（元／股）,subject=公司；metric=基本每股收益（元／股）；period=本期；unit=%；scope=未标明,基本每股收益（元／股）,本期,0.62,%,未标明,答辩评测\annual_reports_final,,
SR-041,8,营业成本,subject=公司；metric=营业成本；period=本期；unit=元；scope=未标明,营业成本,本期,643036815.83,元,未标明,答辩评测\annual_reports_final,,
SR-041,9,销售费用,subject=公司；metric=销售费用；period=本期；unit=元；scope=未标明,销售费用,本期,741294698.92,元,未标明,答辩评测\annual_reports_final,,
SR-041,10,管理费用,subject=公司；metric=管理费用；period=本期；unit=元；scope=分部,管理费用,本期,100363936.23,元,分部,答辩评测\annual_reports_final,,
SR-041,11,财务费用,subject=公司；metric=财务费用；period=本期；unit=元；scope=未标明,财务费用,本期,-35817780.77,元,未标明,答辩评测\annual_reports_final,,
SR-041,12,研发费用,subject=公司；metric=研发费用；period=本期；unit=元；scope=未标明,研发费用,本期,50488237.81,元,未标明,答辩评测\annual_reports_final,,
SR-041,13,管理费用@17页,subject=公司；metric=管理费用；period=本期；unit=元；scope=未标明,管理费用,本期,100363936.23,元,未标明,答辩评测\annual_reports_final,,
SR-041,14,营业收入,subject=公司；metric=营业收入；period=本期；unit=元；scope=合并,营业收入,本期,1787028564.22,元,合并,答辩评测\annual_reports_final,,
SR-042,1,原煤产量（万吨）@上期,subject=公司；metric=原煤产量（万吨）；period=上期；unit=万吨；scope=合并,原煤产量（万吨）,上期,2044.64,万吨,合并,答辩评测\annual_reports_final,,
SR-042,2,提质煤产量（万吨）,subject=公司；metric=提质煤产量（万吨）；period=本期；unit=；scope=未标明,提质煤产量（万吨）,本期,405.8,,未标明,答辩评测\annual_reports_final,,
SR-042,3,煤炭销售量（万吨）,subject=公司；metric=煤炭销售量（万吨）；period=本期；unit=；scope=未标明,煤炭销售量（万吨）,本期,3099.46,,未标明,答辩评测\annual_reports_final,,
SR-042,4,原煤产量（万吨）,subject=公司；metric=原煤产量（万吨）；period=本期；unit=万吨；scope=合并,原煤产量（万吨）,本期,2231.29,万吨,合并,答辩评测\annual_reports_final,,
SR-043,1,营业收入@上期,subject=公司；metric=营业收入；period=上期；unit=元；scope=合并,营业收入,上期,579876415.22,元,合并,答辩评测\annual_reports_final,,
SR-043,2,扣除与主营业务无关的业务收入和不具备商业实质的收入后的营业收入,subject=公司；metric=扣除与主营业务无关的业务收入和不具备商业实质的收入后的营业收入；period=本期；unit=元；scope=未标明,扣除与主营业务无关的业务收入和不具备商业实质的收入后的营业收入,本期,610752327.16,元,未标明,答辩评测\annual_reports_final,,
SR-043,3,归属于上市公司股东的净利润,subject=公司；metric=归属于上市公司股东的净利润；period=本期；unit=元；scope=合并,归属于上市公司股东的净利润,本期,-90940983.27,元,合并,答辩评测\annual_reports_final,,
SR-043,4,归属于上市公司股东的扣除非经常性损益的净利润,subject=公司；metric=归属于上市公司股东的扣除非经常性损益的净利润；period=本期；unit=元；scope=合并,归属于上市公司股东的扣除非经常性损益的净利润,本期,-179467600.42,元,合并,答辩评测\annual_reports_final,,
SR-043,5,经营活动产生的现金流量净额,subject=公司；metric=经营活动产生的现金流量净额；period=本期；unit=元；scope=未标明,经营活动产生的现金流量净额,本期,-37665633.66,元,未标明,答辩评测\annual_reports_final,,
SR-043,6,归属于上市公司股东的净资产,subject=公司；metric=归属于上市公司股东的净资产；period=本期；unit=元；scope=未标明,归属于上市公司股东的净资产,本期,2562395247.1,元,未标明,答辩评测\annual_reports_final,,
SR-043,7,总资产,subject=公司；metric=总资产；period=本期；unit=元；scope=合并,总资产,本期,3013043106.88,元,合并,答辩评测\annual_reports_final,,
SR-043,8,营业成本,subject=公司；metric=营业成本；period=本期；unit=元；scope=未标明,营业成本,本期,31843352.56,元,未标明,答辩评测\annual_reports_final,,
SR-043,9,销售费用,subject=公司；metric=销售费用；period=本期；unit=元；scope=未标明,销售费用,本期,339796352.79,元,未标明,答辩评测\annual_reports_final,,
SR-043,10,管理费用,subject=公司；metric=管理费用；period=本期；unit=元；scope=未标明,管理费用,本期,138344386.06,元,未标明,答辩评测\annual_reports_final,,
SR-043,11,财务费用,subject=公司；metric=财务费用；period=本期；unit=元；scope=未标明,财务费用,本期,-6472548.85,元,未标明,答辩评测\annual_reports_final,,
SR-043,12,研发费用,subject=公司；metric=研发费用；period=本期；unit=元；scope=未标明,研发费用,本期,224479965.23,元,未标明,答辩评测\annual_reports_final,,
SR-043,13,营业收入,subject=公司；metric=营业收入；period=本期；unit=元；scope=合并,营业收入,本期,610757157.35,元,合并,答辩评测\annual_reports_final,,
SR-044,1,营业收入,subject=公司；metric=营业收入；period=本期；unit=元；scope=合并,营业收入,本期,1290579506.56,元,合并,答辩评测\annual_reports_final,,
SR-044,2,归属于上市公司股东的净利润,subject=公司；metric=归属于上市公司股东的净利润；period=本期；unit=元；scope=合并,归属于上市公司股东的净利润,本期,164615860.14,元,合并,答辩评测\annual_reports_final,,
SR-044,3,归属于上市公司股东的扣除非经常性损益的净利润,subject=公司；metric=归属于上市公司股东的扣除非经常性损益的净利润；period=本期；unit=元；scope=未标明,归属于上市公司股东的扣除非经常性损益的净利润,本期,179245648.53,元,未标明,答辩评测\annual_reports_final,,
SR-044,4,经营活动产生的现金流量净额,subject=公司；metric=经营活动产生的现金流量净额；period=本期；unit=元；scope=合并,经营活动产生的现金流量净额,本期,299356664.61,元,合并,答辩评测\annual_reports_final,,
SR-044,5,归属于上市公司股东的净资产,subject=公司；metric=归属于上市公司股东的净资产；period=本期；unit=元；scope=未标明,归属于上市公司股东的净资产,本期,1413946242.69,元,未标明,答辩评测\annual_reports_final,,
SR-044,6,总资产,subject=公司；metric=总资产；period=本期；unit=元；scope=未标明,总资产,本期,2071751797.8,元,未标明,答辩评测\annual_reports_final,,
SR-044,7,基本每股收益（元／股）,subject=公司；metric=基本每股收益（元／股）；period=本期；unit=元；scope=未标明,基本每股收益（元／股）,本期,0.47,元,未标明,答辩评测\annual_reports_final,,
SR-044,8,营业收入@17页,subject=公司；metric=营业收入；period=本期；unit=元；scope=未标明,营业收入,本期,1290579506.56,元,未标明,答辩评测\annual_reports_final,,
SR-044,9,经营活动产生的现金流量净额@17页,subject=公司；metric=经营活动产生的现金流量净额；period=本期；unit=元；scope=未标明,经营活动产生的现金流量净额,本期,299356664.61,元,未标明,答辩评测\annual_reports_final,,
SR-044,10,营业成本,subject=公司；metric=营业成本；period=本期；unit=元；scope=未标明,营业成本,本期,882422616.52,元,未标明,答辩评测\annual_reports_final,,
SR-044,11,销售费用,subject=公司；metric=销售费用；period=本期；unit=元；scope=合并,销售费用,本期,31601453.53,元,合并,答辩评测\annual_reports_final,,
SR-044,12,管理费用,subject=公司；metric=管理费用；period=本期；unit=元；scope=未标明,管理费用,本期,55290559.05,元,未标明,答辩评测\annual_reports_final,,
SR-044,13,研发费用,subject=公司；metric=研发费用；period=本期；unit=元；scope=未标明,研发费用,本期,20542014.2,元,未标明,答辩评测\annual_reports_final,,
SR-044,14,财务费用,subject=公司；metric=财务费用；period=本期；unit=元；scope=合并,财务费用,本期,-7524925.89,元,合并,答辩评测\annual_reports_final,,
SR-044,15,营业收入@5页,subject=公司；metric=营业收入；period=本期；unit=元；scope=未标明,营业收入,本期,1290579506.56,元,未标明,答辩评测\annual_reports_final,,
SR-044,16,经营活动产生的现金流量净额@5页,subject=公司；metric=经营活动产生的现金流量净额；period=本期；unit=元；scope=未标明,经营活动产生的现金流量净额,本期,299356664.61,元,未标明,答辩评测\annual_reports_final,,
SR-044,17,投资活动产生的现金流量净额@上期,subject=公司；metric=投资活动产生的现金流量净额；period=上期；unit=元；scope=合并,投资活动产生的现金流量净额,上期,-76758033.58,元,合并,答辩评测\annual_reports_final,,
SR-044,18,投资活动产生的现金流量净额,subject=公司；metric=投资活动产生的现金流量净额；period=本期；unit=元；scope=合并,投资活动产生的现金流量净额,本期,-362096085.89,元,合并,答辩评测\annual_reports_final,,
SR-045,1,营业收入@上期,subject=公司；metric=营业收入；period=上期；unit=元；scope=母公司,营业收入,上期,5130373462.68,元,母公司,答辩评测\annual_reports_final,,
SR-045,2,归属于母公司股东的净利润,subject=公司；metric=归属于母公司股东的净利润；period=本期；unit=元；scope=母公司,归属于母公司股东的净利润,本期,1707245952.72,元,母公司,答辩评测\annual_reports_final,,
SR-045,3,归属于母公司股东的扣除非经常性损益的净利润,subject=公司；metric=归属于母公司股东的扣除非经常性损益的净利润；period=本期；unit=元；scope=未标明,归属于母公司股东的扣除非经常性损益的净利润,本期,1703094171.38,元,未标明,答辩评测\annual_reports_final,,
SR-045,4,经营活动产生的现金流量净额,subject=公司；metric=经营活动产生的现金流量净额；period=本期；unit=元；scope=未标明,经营活动产生的现金流量净额,本期,-431156189.1,元,未标明,答辩评测\annual_reports_final,,
SR-045,5,其他综合收益,subject=公司；metric=其他综合收益；period=本期；unit=元；scope=未标明,其他综合收益,本期,-116130047.08,元,未标明,答辩评测\annual_reports_final,,
SR-045,6,资产总额,subject=公司；metric=资产总额；period=本期；unit=元；scope=母公司,资产总额,本期,105474550200.92,元,母公司,答辩评测\annual_reports_final,,
SR-045,7,负债总额,subject=公司；metric=负债总额；period=本期；unit=元；scope=未标明,负债总额,本期,77264229402.54,元,未标明,答辩评测\annual_reports_final,,
SR-045,8,营业成本,subject=公司；metric=营业成本；period=本期；unit=元；scope=未标明,营业成本,本期,5055307538.37,元,未标明,答辩评测\annual_reports_final,,
SR-045,9,投资活动产生的现金流量净额,subject=公司；metric=投资活动产生的现金流量净额；period=本期；unit=元；scope=未标明,投资活动产生的现金流量净额,本期,-441214682.69,元,未标明,答辩评测\annual_reports_final,,
SR-045,10,筹资活动产生的现金流量净额,subject=公司；metric=筹资活动产生的现金流量净额；period=本期；unit=元；scope=未标明,筹资活动产生的现金流量净额,本期,6934197331.87,元,未标明,答辩评测\annual_reports_final,,
SR-045,11,营业收入,subject=公司；metric=营业收入；period=本期；unit=元；scope=母公司,营业收入,本期,7356492441.1,元,母公司,答辩评测\annual_reports_final,,
SR-046,1,营业收入@上期,subject=公司；metric=营业收入；period=上期；unit=元；scope=合并,营业收入,上期,2069101995.78,元,合并,答辩评测\annual_reports_final,,
SR-046,2,归属于上市公司股东的净利润,subject=公司；metric=归属于上市公司股东的净利润；period=本期；unit=元；scope=未标明,归属于上市公司股东的净利润,本期,-401449354.05,元,未标明,答辩评测\annual_reports_final,,
SR-046,3,归属于上市公司股东的扣除非经常性损益的净利润,subject=公司；metric=归属于上市公司股东的扣除非经常性损益的净利润；period=本期；unit=元；scope=未标明,归属于上市公司股东的扣除非经常性损益的净利润,本期,-399310007.44,元,未标明,答辩评测\annual_reports_final,,
SR-046,4,经营活动产生的现金流量净额,subject=公司；metric=经营活动产生的现金流量净额；period=本期；unit=元；scope=未标明,经营活动产生的现金流量净额,本期,-159911092.46,元,未标明,答辩评测\annual_reports_final,,
SR-046,5,归属于上市公司股东的净资产,subject=公司；metric=归属于上市公司股东的净资产；period=本期；unit=元；scope=未标明,归属于上市公司股东的净资产,本期,139177676.16,元,未标明,答辩评测\annual_reports_final,,
SR-046,6,总资产,subject=公司；metric=总资产；period=本期；unit=元；scope=未标明,总资产,本期,2817617437.15,元,未标明,答辩评测\annual_reports_final,,
SR-046,7,基本每股收益（元／股）,subject=公司；metric=基本每股收益（元／股）；period=本期；unit=%；scope=未标明,基本每股收益（元／股）,本期,-0.82,%,未标明,答辩评测\annual_reports_final,,
SR-046,8,营业成本,subject=公司；metric=营业成本；period=本期；unit=元；scope=未标明,营业成本,本期,1113994918.42,元,未标明,答辩评测\annual_reports_final,,
SR-046,9,销售费用,subject=公司；metric=销售费用；period=本期；unit=元；scope=未标明,销售费用,本期,34948681.82,元,未标明,答辩评测\annual_reports_final,,
SR-046,10,管理费用,subject=公司；metric=管理费用；period=本期；unit=元；scope=未标明,管理费用,本期,137037110.15,元,未标明,答辩评测\annual_reports_final,,
SR-046,11,财务费用,subject=公司；metric=财务费用；period=本期；unit=元；scope=未标明,财务费用,本期,21418375.08,元,未标明,答辩评测\annual_reports_final,,
SR-046,12,研发费用,subject=公司；metric=研发费用；period=本期；unit=元；scope=未标明,研发费用,本期,118038514.49,元,未标明,答辩评测\annual_reports_final,,
SR-046,13,营业收入,subject=公司；metric=营业收入；period=本期；unit=元；scope=合并,营业收入,本期,1216827863.66,元,合并,答辩评测\annual_reports_final,,
SR-047,1,营业收入,subject=公司；metric=营业收入；period=本期；unit=元；scope=合并,营业收入,本期,2943518541.5,元,合并,答辩评测\annual_reports_final,,
SR-047,2,归属于上市公司股东的净利润,subject=公司；metric=归属于上市公司股东的净利润；period=本期；unit=元；scope=合并,归属于上市公司股东的净利润,本期,406598516.96,元,合并,答辩评测\annual_reports_final,,
SR-047,3,归属于上市公司股东的扣除非经常性损益的净利润,subject=公司；metric=归属于上市公司股东的扣除非经常性损益的净利润；period=本期；unit=元；scope=未标明,归属于上市公司股东的扣除非经常性损益的净利润,本期,386403668.57,元,未标明,答辩评测\annual_reports_final,,
SR-047,4,经营活动产生的现金流量净额,subject=公司；metric=经营活动产生的现金流量净额；period=本期；unit=元；scope=未标明,经营活动产生的现金流量净额,本期,184124490.21,元,未标明,答辩评测\annual_reports_final,,
SR-047,5,营业收入@18页,subject=公司；metric=营业收入；period=本期；unit=元；scope=未标明,营业收入,本期,2943518541.5,元,未标明,答辩评测\annual_reports_final,,
SR-047,6,销售费用,subject=公司；metric=销售费用；period=本期；unit=元；scope=未标明,销售费用,本期,92429703.23,元,未标明,答辩评测\annual_reports_final,,
SR-047,7,管理费用,subject=公司；metric=管理费用；period=本期；unit=元；scope=未标明,管理费用,本期,173611980.04,元,未标明,答辩评测\annual_reports_final,,
SR-047,8,财务费用,subject=公司；metric=财务费用；period=本期；unit=元；scope=未标明,财务费用,本期,57523874.42,元,未标明,答辩评测\annual_reports_final,,
SR-047,9,研发费用,subject=公司；metric=研发费用；period=本期；unit=元；scope=未标明,研发费用,本期,179780199.17,元,未标明,答辩评测\annual_reports_final,,
SR-047,10,营业收入@8页,subject=公司；metric=营业收入；period=本期；unit=元；scope=未标明,营业收入,本期,2943518541.5,元,未标明,答辩评测\annual_reports_final,,
SR-047,11,营业成本,subject=公司；metric=营业成本；period=本期；unit=元；scope=合并,营业成本,本期,2246574489.88,元,合并,答辩评测\annual_reports_final,,
SR-048,1,营业收入@上期,subject=公司；metric=营业收入；period=上期；unit=元；scope=合并,营业收入,上期,5921168449.58,元,合并,答辩评测\annual_reports_final,,
SR-048,2,归属于上市公司股东的净利润,subject=公司；metric=归属于上市公司股东的净利润；period=本期；unit=元；scope=未标明,归属于上市公司股东的净利润,本期,839809759.86,元,未标明,答辩评测\annual_reports_final,,
SR-048,3,归属于上市公司股东的扣除非经常性损益的净利润,subject=公司；metric=归属于上市公司股东的扣除非经常性损益的净利润；period=本期；unit=元；scope=未标明,归属于上市公司股东的扣除非经常性损益的净利润,本期,813545730.56,元,未标明,答辩评测\annual_reports_final,,
SR-048,4,经营活动产生的现金流量净额,subject=公司；metric=经营活动产生的现金流量净额；period=本期；unit=元；scope=未标明,经营活动产生的现金流量净额,本期,446889587.18,元,未标明,答辩评测\annual_reports_final,,
SR-048,5,归属于上市公司股东的净资产,subject=公司；metric=归属于上市公司股东的净资产；period=本期；unit=元；scope=未标明,归属于上市公司股东的净资产,本期,4838768259.13,元,未标明,答辩评测\annual_reports_final,,
SR-048,6,总资产,subject=公司；metric=总资产；period=本期；unit=元；scope=未标明,总资产,本期,7770116941.3,元,未标明,答辩评测\annual_reports_final,,
SR-048,7,基本每股收益（元／股）,subject=公司；metric=基本每股收益（元／股）；period=本期；unit=元；scope=未标明,基本每股收益（元／股）,本期,2.47,元,未标明,答辩评测\annual_reports_final,,
SR-048,8,营业收入,subject=公司；metric=营业收入；period=本期；unit=元；scope=合并,营业收入,本期,6552481072.13,元,合并,答辩评测\annual_reports_final,,
SR-049,1,营业收入,subject=公司；metric=营业收入；period=本期；unit=元；scope=合并,营业收入,本期,10114212908.77,元,合并,答辩评测\annual_reports_final,,
SR-049,2,扣除与主营业务无关的业务收入和不具备商业实质的收入后的营业收入,subject=公司；metric=扣除与主营业务无关的业务收入和不具备商业实质的收入后的营业收入；period=本期；unit=元；scope=未标明,扣除与主营业务无关的业务收入和不具备商业实质的收入后的营业收入,本期,10062667141.68,元,未标明,答辩评测\annual_reports_final,,
SR-049,3,归属于上市公司股东的扣除非经常性损益的净利润,subject=公司；metric=归属于上市公司股东的扣除非经常性损益的净利润；period=本期；unit=元；scope=未标明,归属于上市公司股东的扣除非经常性损益的净利润,本期,-1411664355.3,元,未标明,答辩评测\annual_reports_final,,
SR-049,4,经营活动产生的现金流量净额,subject=公司；metric=经营活动产生的现金流量净额；period=本期；unit=元；scope=未标明,经营活动产生的现金流量净额,本期,-3948778914.29,元,未标明,答辩评测\annual_reports_final,,
SR-049,5,归属于上市公司股东的净资产,subject=公司；metric=归属于上市公司股东的净资产；period=本期；unit=元；scope=未标明,归属于上市公司股东的净资产,本期,5865195128.37,元,未标明,答辩评测\annual_reports_final,,
SR-049,6,总资产,subject=公司；metric=总资产；period=本期；unit=元；scope=未标明,总资产,本期,25857415570.16,元,未标明,答辩评测\annual_reports_final,,
SR-049,7,营业收入@35页,subject=公司；metric=营业收入；period=本期；unit=元；scope=未标明,营业收入,本期,10114212908.77,元,未标明,答辩评测\annual_reports_final,,
SR-049,8,归属于上市公司股东的净利润@上期,subject=公司；metric=归属于上市公司股东的净利润；period=上期；unit=元；scope=合并,归属于上市公司股东的净利润,上期,-338066603.73,元,合并,答辩评测\annual_reports_final,,
SR-049,9,营业成本,subject=公司；metric=营业成本；period=本期；unit=元；scope=未标明,营业成本,本期,9447072966.47,元,未标明,答辩评测\annual_reports_final,,
SR-049,10,销售费用,subject=公司；metric=销售费用；period=本期；unit=元；scope=未标明,销售费用,本期,1162788076.91,元,未标明,答辩评测\annual_reports_final,,
SR-049,11,管理费用,subject=公司；metric=管理费用；period=本期；unit=元；scope=未标明,管理费用,本期,551794309.79,元,未标明,答辩评测\annual_reports_final,,
SR-049,12,财务费用,subject=公司；metric=财务费用；period=本期；unit=元；scope=未标明,财务费用,本期,112491529.61,元,未标明,答辩评测\annual_reports_final,,
SR-049,13,研发费用,subject=公司；metric=研发费用；period=本期；unit=元；scope=未标明,研发费用,本期,658045965.97,元,未标明,答辩评测\annual_reports_final,,
SR-049,14,营业收入@7页,subject=公司；metric=营业收入；period=本期；unit=元；scope=未标明,营业收入,本期,10114212908.77,元,未标明,答辩评测\annual_reports_final,,
SR-049,15,归属于上市公司股东的净利润,subject=公司；metric=归属于上市公司股东的净利润；period=本期；unit=元；scope=合并,归属于上市公司股东的净利润,本期,-1271270080.21,元,合并,答辩评测\annual_reports_final,,
SR-050,1,营业收入,subject=公司；metric=营业收入；period=本期；unit=元；scope=母公司,营业收入,本期,6528040616.43,元,母公司,答辩评测\annual_reports_final,,
SR-050,2,归属于母公司股东的净利润,subject=公司；metric=归属于母公司股东的净利润；period=本期；unit=元；scope=母公司,归属于母公司股东的净利润,本期,2291596618.3,元,母公司,答辩评测\annual_reports_final,,
SR-050,3,归属于母公司股东的扣除非经常性损益的净利润,subject=公司；metric=归属于母公司股东的扣除非经常性损益的净利润；period=本期；unit=元；scope=未标明,归属于母公司股东的扣除非经常性损益的净利润,本期,2302327862.59,元,未标明,答辩评测\annual_reports_final,,
SR-050,4,经营活动产生的现金流量净额,subject=公司；metric=经营活动产生的现金流量净额；period=本期；unit=元；scope=母公司,经营活动产生的现金流量净额,本期,-4188642382.36,元,母公司,答辩评测\annual_reports_final,,
SR-050,5,其他综合收益,subject=公司；metric=其他综合收益；period=本期；unit=元；scope=未标明,其他综合收益,本期,-49026149.08,元,未标明,答辩评测\annual_reports_final,,
SR-050,6,资产总额,subject=公司；metric=资产总额；period=本期；unit=元；scope=母公司,资产总额,本期,96658845911.3,元,母公司,答辩评测\annual_reports_final,,
SR-050,7,负债总额,subject=公司；metric=负债总额；period=本期；unit=元；scope=母公司,负债总额,本期,73201841046.6,元,母公司,答辩评测\annual_reports_final,,
SR-050,8,营业收入@40页,subject=公司；metric=营业收入；period=本期；unit=元；scope=未标明,营业收入,本期,6528040616.43,元,未标明,答辩评测\annual_reports_final,,
SR-050,9,经营活动产生的现金流量净额@40页,subject=公司；metric=经营活动产生的现金流量净额；period=本期；unit=元；scope=未标明,经营活动产生的现金流量净额,本期,-4188642382.36,元,未标明,答辩评测\annual_reports_final,,
SR-050,10,归属于母公司股东的权益,subject=公司；metric=归属于母公司股东的权益；period=本期；unit=元；scope=母公司,归属于母公司股东的权益,本期,23447794571.04,元,母公司,答辩评测\annual_reports_final,,
SR-050,11,营业成本,subject=公司；metric=营业成本；period=本期；unit=元；scope=母公司,营业成本,本期,3728571220.76,元,母公司,答辩评测\annual_reports_final,,
SR-050,12,投资活动产生的现金流量净额,subject=公司；metric=投资活动产生的现金流量净额；period=本期；unit=元；scope=母公司,投资活动产生的现金流量净额,本期,-632167517.5,元,母公司,答辩评测\annual_reports_final,,
SR-050,13,研发支出,subject=公司；metric=研发支出；period=本期；unit=元；scope=未标明,研发支出,本期,48949863.48,元,未标明,答辩评测\annual_reports_final,,
SR-050,14,营业收入@21页,subject=公司；metric=营业收入；period=本期；unit=元；scope=未标明,营业收入,本期,6528040616.43,元,未标明,答辩评测\annual_reports_final,,
SR-050,15,经营活动产生的现金流量净额@21页,subject=公司；metric=经营活动产生的现金流量净额；period=本期；unit=元；scope=未标明,经营活动产生的现金流量净额,本期,-4188642382.36,元,未标明,答辩评测\annual_reports_final,,
SR-050,16,筹资活动产生的现金流量净额,subject=公司；metric=筹资活动产生的现金流量净额；period=本期；unit=元；scope=母公司,筹资活动产生的现金流量净额,本期,13682159858.32,元,母公司,答辩评测\annual_reports_final,,
SR-051,1,营业收入@上期,subject=公司；metric=营业收入；period=上期；unit=元；scope=合并,营业收入,上期,1840967807.34,元,合并,答辩评测\annual_reports_final,,
SR-051,2,投资活动产生的现金流量净额,subject=公司；metric=投资活动产生的现金流量净额；period=本期；unit=元；scope=合并,投资活动产生的现金流量净额,本期,-779497617.32,元,合并,答辩评测\annual_reports_final,,
SR-051,3,筹资活动产生的现金流量净额@上期,subject=公司；metric=筹资活动产生的现金流量净额；period=上期；unit=元；scope=合并,筹资活动产生的现金流量净额,上期,214192748.58,元,合并,答辩评测\annual_reports_final,,
SR-051,4,投资活动产生的现金流量净额@上期,subject=公司；metric=投资活动产生的现金流量净额；period=上期；unit=元；scope=合并,投资活动产生的现金流量净额,上期,-1144917453.18,元,合并,答辩评测\annual_reports_final,,
SR-052,1,筹资活动现金流入小计@上期,subject=公司；metric=筹资活动现金流入小计；period=上期；unit=元；scope=合并,筹资活动现金流入小计,上期,776010063.47,元,合并,答辩评测\annual_reports_final,,
SR-052,2,现金及现金等价物净增加额,subject=公司；metric=现金及现金等价物净增加额；period=本期；unit=元；scope=合并,现金及现金等价物净增加额,本期,-59049204.7,元,合并,答辩评测\annual_reports_final,,
SR-052,3,现金及现金等价物净增加额@上期,subject=公司；metric=现金及现金等价物净增加额；period=上期；unit=元；scope=合并,现金及现金等价物净增加额,上期,559623654.96,元,合并,答辩评测\annual_reports_final,,
SR-053,1,营业收入@上期,subject=公司；metric=营业收入；period=上期；unit=元；scope=合并,营业收入,上期,657953771.1,元,合并,答辩评测\annual_reports_final,,
SR-053,2,归属于上市公司股东的净利润@上期,subject=公司；metric=归属于上市公司股东的净利润；period=上期；unit=元；scope=合并,归属于上市公司股东的净利润,上期,94074793.26,元,合并,答辩评测\annual_reports_final,,
SR-053,3,销售费用@上期,subject=公司；metric=销售费用；period=上期；unit=元；scope=合并,销售费用,上期,11819896.77,元,合并,答辩评测\annual_reports_final,,
SR-053,4,投资活动产生的现金流量净额,subject=公司；metric=投资活动产生的现金流量净额；period=本期；unit=元；scope=合并,投资活动产生的现金流量净额,本期,-362096085.89,元,合并,答辩评测\annual_reports_final,,
SR-053,5,投资活动产生的现金流量净额@上期,subject=公司；metric=投资活动产生的现金流量净额；period=上期；unit=元；scope=合并,投资活动产生的现金流量净额,上期,-76758033.58,元,合并,答辩评测\annual_reports_final,,
SR-054,1,营业收入,subject=公司；metric=营业收入；period=本期；unit=元；scope=合并,营业收入,本期,10114212908.77,元,合并,答辩评测\annual_reports_final,,
SR-054,2,营业收入@35页,subject=公司；metric=营业收入；period=本期；unit=元；scope=未标明,营业收入,本期,10114212908.77,元,未标明,答辩评测\annual_reports_final,,
SR-054,3,归属于上市公司股东的净利润@上期,subject=公司；metric=归属于上市公司股东的净利润；period=上期；unit=元；scope=合并,归属于上市公司股东的净利润,上期,-338066603.73,元,合并,答辩评测\annual_reports_final,,
SR-054,4,营业收入@7页,subject=公司；metric=营业收入；period=本期；unit=元；scope=未标明,营业收入,本期,10114212908.77,元,未标明,答辩评测\annual_reports_final,,
SR-054,5,营业收入@上期,subject=公司；metric=营业收入；period=上期；unit=元；scope=合并,营业收入,上期,12075139759.63,元,合并,答辩评测\annual_reports_final,,
SR-055,1,营业收入@上期,subject=公司；metric=营业收入；period=上期；unit=元；scope=合并,营业收入,上期,1498764959.65,元,合并,答辩评测\annual_reports_final,,
SR-055,2,归属于上市公司股东的净利润@上期,subject=公司；metric=归属于上市公司股东的净利润；period=上期；unit=元；scope=合并,归属于上市公司股东的净利润,上期,100429383.53,元,合并,答辩评测\annual_reports_final,,
SR-055,3,管理费用,subject=公司；metric=管理费用；period=本期；unit=元；scope=母公司,管理费用,本期,163170458.55,元,母公司,答辩评测\annual_reports_final,,
SR-055,4,销售费用@上期,subject=公司；metric=销售费用；period=上期；unit=元；scope=母公司,销售费用,上期,39598278.04,元,母公司,答辩评测\annual_reports_final,,
SR-055,5,研发费用@上期,subject=公司；metric=研发费用；period=上期；unit=元；scope=母公司,研发费用,上期,90804541.38,元,母公司,答辩评测\annual_reports_final,,
SR-055,6,财务费用@上期,subject=公司；metric=财务费用；period=上期；unit=元；scope=母公司,财务费用,上期,7844576.66,元,母公司,答辩评测\annual_reports_final,,
SR-055,7,管理费用@上期,subject=公司；metric=管理费用；period=上期；unit=元；scope=母公司,管理费用,上期,174859642.22,元,母公司,答辩评测\annual_reports_final,,
SR-056,1,营业收入,subject=公司；metric=营业收入；period=本期；unit=元；scope=合并,营业收入,本期,215824259035.31,元,合并,答辩评测\annual_reports_final,,
SR-056,2,营业收入@26页,subject=公司；metric=营业收入；period=本期；unit=元；scope=未标明,营业收入,本期,215824259035.31,元,未标明,答辩评测\annual_reports_final,,
SR-056,3,归属于上市公司股东的净利润@上期,subject=公司；metric=归属于上市公司股东的净利润；period=上期；unit=元；scope=合并,归属于上市公司股东的净利润,上期,4496216958.55,元,合并,答辩评测\annual_reports_final,,
SR-056,4,经营活动产生的现金流量净额@上期,subject=公司；metric=经营活动产生的现金流量净额；period=上期；unit=元；scope=合并,经营活动产生的现金流量净额,上期,6844720625.06,元,合并,答辩评测\annual_reports_final,,
SR-056,5,营业收入@10页,subject=公司；metric=营业收入；period=本期；unit=元；scope=未标明,营业收入,本期,215824259035.31,元,未标明,答辩评测\annual_reports_final,,
SR-056,6,研发费用@上期,subject=公司；metric=研发费用；period=上期；unit=元；scope=分部,研发费用,上期,1656670833.68,元,分部,答辩评测\annual_reports_final,,
SR-056,7,营业收入@上期,subject=公司；metric=营业收入；period=上期；unit=元；scope=合并,营业收入,上期,191909156160.88,元,合并,答辩评测\annual_reports_final,,
SR-057,1,营业收入@上期,subject=公司；metric=营业收入；period=上期；unit=元；scope=合并,营业收入,上期,1636312828.42,元,合并,答辩评测\annual_reports_final,,
SR-057,2,研发费用,subject=公司；metric=研发费用；period=本期；unit=元；scope=合并,研发费用,本期,91985120.01,元,合并,答辩评测\annual_reports_final,,
SR-057,3,研发费用@上期,subject=公司；metric=研发费用；period=上期；unit=元；scope=合并,研发费用,上期,59445346.09,元,合并,答辩评测\annual_reports_final,,
SR-058,1,营业收入@上期,subject=公司；metric=营业收入；period=上期；unit=元；scope=合并,营业收入,上期,2506260191.91,元,合并,答辩评测\annual_reports_final,,
SR-058,2,归属于上市公司股东的净资产@上期,subject=公司；metric=归属于上市公司股东的净资产；period=上期；unit=元；scope=合并,归属于上市公司股东的净资产,上期,3137214569.96,元,合并,答辩评测\annual_reports_final,,
SR-058,3,总资产@上期,subject=公司；metric=总资产；period=上期；unit=元；scope=合并,总资产,上期,4847729040.6,元,合并,答辩评测\annual_reports_final,,
SR-058,4,管理费用,subject=公司；metric=管理费用；period=本期；unit=元；scope=合并,管理费用,本期,146978634.71,元,合并,答辩评测\annual_reports_final,,
SR-058,5,营业成本@上期,subject=公司；metric=营业成本；period=上期；unit=元；scope=合并,营业成本,上期,1994980975.33,元,合并,答辩评测\annual_reports_final,,
SR-058,6,销售费用@上期,subject=公司；metric=销售费用；period=上期；unit=元；scope=合并,销售费用,上期,33457009.43,元,合并,答辩评测\annual_reports_final,,
SR-058,7,管理费用@19页,subject=公司；metric=管理费用；period=本期；unit=元；scope=未标明,管理费用,本期,146978634.71,元,未标明,答辩评测\annual_reports_final,,
SR-058,8,财务费用@上期,subject=公司；metric=财务费用；period=上期；unit=元；scope=合并,财务费用,上期,-18803366.15,元,合并,答辩评测\annual_reports_final,,
SR-058,9,研发费用@上期,subject=公司；metric=研发费用；period=上期；unit=元；scope=合并,研发费用,上期,128637352.16,元,合并,答辩评测\annual_reports_final,,
SR-058,10,管理费用@14页,subject=公司；metric=管理费用；period=本期；unit=元；scope=未标明,管理费用,本期,146978634.71,元,未标明,答辩评测\annual_reports_final,,
SR-058,11,应收票据@上期,subject=公司；metric=应收票据；period=上期；unit=元；scope=合并,应收票据,上期,50109800.0,元,合并,答辩评测\annual_reports_final,,
SR-058,12,其他应收款@上期,subject=公司；metric=其他应收款；period=上期；unit=元；scope=合并,其他应收款,上期,17254439.58,元,合并,答辩评测\annual_reports_final,,
SR-058,13,存货@上期,subject=公司；metric=存货；period=上期；unit=元；scope=合并,存货,上期,133144024.38,元,合并,答辩评测\annual_reports_final,,
SR-058,14,合同资产@上期,subject=公司；metric=合同资产；period=上期；unit=元；scope=合并,合同资产,上期,895938481.63,元,合并,答辩评测\annual_reports_final,,
SR-058,15,其他流动资产@上期,subject=公司；metric=其他流动资产；period=上期；unit=元；scope=合并,其他流动资产,上期,6180910.68,元,合并,答辩评测\annual_reports_final,,
SR-058,16,长期应收款@上期,subject=公司；metric=长期应收款；period=上期；unit=元；scope=合并,长期应收款,上期,194120535.92,元,合并,答辩评测\annual_reports_final,,
SR-058,17,在建工程@上期,subject=公司；metric=在建工程；period=上期；unit=元；scope=合并,在建工程,上期,10873660.6,元,合并,答辩评测\annual_reports_final,,
SR-058,18,递延所得税资产@上期,subject=公司；metric=递延所得税资产；period=上期；unit=元；scope=合并,递延所得税资产,上期,34772090.52,元,合并,答辩评测\annual_reports_final,,
SR-058,19,管理费用@上期,subject=公司；metric=管理费用；period=上期；unit=元；scope=合并,管理费用,上期,135327876.12,元,合并,答辩评测\annual_reports_final,,
SR-059,1,营业收入@上期,subject=公司；metric=营业收入；period=上期；unit=元；scope=合并,营业收入,上期,2199461378.93,元,合并,答辩评测\annual_reports_final,,
SR-059,2,归属于上市公司股东的净利润,subject=公司；metric=归属于上市公司股东的净利润；period=本期；unit=元；scope=合并,归属于上市公司股东的净利润,本期,104714052.41,元,合并,答辩评测\annual_reports_final,,
SR-059,3,归属于上市公司股东的扣除非经常性损益的净利润@上期,subject=公司；metric=归属于上市公司股东的扣除非经常性损益的净利润；period=上期；unit=元；scope=合并,归属于上市公司股东的扣除非经常性损益的净利润,上期,98208434.99,元,合并,答辩评测\annual_reports_final,,
SR-059,4,总资产@上期,subject=公司；metric=总资产；period=上期；unit=元；scope=合并,总资产,上期,3625265685.52,元,合并,答辩评测\annual_reports_final,,
SR-059,5,归属于上市公司股东的净利润@上期,subject=公司；metric=归属于上市公司股东的净利润；period=上期；unit=元；scope=合并,归属于上市公司股东的净利润,上期,109973160.3,元,合并,答辩评测\annual_reports_final,,
SR-060,1,营业收入@上期,subject=公司；metric=营业收入；period=上期；unit=元；scope=合并,营业收入,上期,571649324374.38,元,合并,答辩评测\annual_reports_final,,
SR-060,2,营业成本@上期,subject=公司；metric=营业成本；period=上期；unit=元；scope=合并,营业成本,上期,501860488321.71,元,合并,答辩评测\annual_reports_final,,
SR-060,3,经营活动产生的现金流量净额@上期,subject=公司；metric=经营活动产生的现金流量净额；period=上期；unit=元；scope=合并,经营活动产生的现金流量净额,上期,30831702520.74,元,合并,答辩评测\annual_reports_final,,
SR-060,4,投资活动产生的现金流量净额@上期,subject=公司；metric=投资活动产生的现金流量净额；period=上期；unit=元；scope=合并,投资活动产生的现金流量净额,上期,-45666277970.17,元,合并,答辩评测\annual_reports_final,,
SR-060,5,筹资活动产生的现金流量净额,subject=公司；metric=筹资活动产生的现金流量净额；period=本期；unit=元；scope=合并,筹资活动产生的现金流量净额,本期,54134637281.18,元,合并,答辩评测\annual_reports_final,,
SR-060,6,筹资活动产生的现金流量净额@上期,subject=公司；metric=筹资活动产生的现金流量净额；period=上期；unit=元；scope=合并,筹资活动产生的现金流量净额,上期,31275975808.01,元,合并,答辩评测\annual_reports_final,,
SR-061,1,营业收入,subject=公司；metric=营业收入；period=本期；unit=元；scope=合并,营业收入,本期,19064056209.04,元,合并,答辩评测\annual_reports_final,,
SR-061,2,总资产@上期,subject=公司；metric=总资产；period=上期；unit=元；scope=合并,总资产,上期,21954060892.02,元,合并,答辩评测\annual_reports_final,,
SR-061,3,营业收入@上期,subject=公司；metric=营业收入；period=上期；unit=元；scope=合并,营业收入,上期,21605254989.12,元,合并,答辩评测\annual_reports_final,,
SR-062,1,营业收入（元）@上期,subject=公司；metric=营业收入（元）；period=上期；unit=元；scope=合并,营业收入（元）,上期,570218980.89,元,合并,答辩评测\annual_reports_final,,
SR-062,2,归属于上市公司股东的扣除非经常性损益的净利润（元）@上期,subject=公司；metric=归属于上市公司股东的扣除非经常性损益的净利润（元）；period=上期；unit=元；scope=合并,归属于上市公司股东的扣除非经常性损益的净利润（元）,上期,52606998.31,元,合并,答辩评测\annual_reports_final,,
SR-062,3,资产总额（元）,subject=公司；metric=资产总额（元）；period=本期；unit=元；scope=合并,资产总额（元）,本期,1125628141.88,元,合并,答辩评测\annual_reports_final,,
SR-062,4,资产总额（元）@上期,subject=公司；metric=资产总额（元）；period=上期；unit=元；scope=合并,资产总额（元）,上期,1107078390.29,元,合并,答辩评测\annual_reports_final,,
SR-063,1,营业收入@上期,subject=公司；metric=营业收入；period=上期；unit=元；scope=合并,营业收入,上期,5179311061.77,元,合并,答辩评测\annual_reports_final,,
SR-063,2,营业成本,subject=公司；metric=营业成本；period=本期；unit=元；scope=合并,营业成本,本期,4603064963.18,元,合并,答辩评测\annual_reports_final,,
SR-063,3,营业成本@上期,subject=公司；metric=营业成本；period=上期；unit=元；scope=合并,营业成本,上期,4637080331.98,元,合并,答辩评测\annual_reports_final,,
SR-064,1,营业收入@上期,subject=公司；metric=营业收入；period=上期；unit=万元；scope=合并,营业收入,上期,24074.64,万元,合并,答辩评测\annual_reports_final,,
SR-064,2,营业成本@上期,subject=公司；metric=营业成本；period=上期；unit=万元；scope=合并,营业成本,上期,1985.24,万元,合并,答辩评测\annual_reports_final,,
SR-064,3,归属于上市公司股东的净利润,subject=公司；metric=归属于上市公司股东的净利润；period=本期；unit=万元；scope=合并,归属于上市公司股东的净利润,本期,5413.86,万元,合并,答辩评测\annual_reports_final,,
SR-064,4,归属于上市公司股东的净利润@上期,subject=公司；metric=归属于上市公司股东的净利润；period=上期；unit=万元；scope=合并,归属于上市公司股东的净利润,上期,6224.18,万元,合并,答辩评测\annual_reports_final,,
SR-065,1,营业收入,subject=公司；metric=营业收入；period=本期；unit=元；scope=合并,营业收入,本期,9603312018.03,元,合并,答辩评测\annual_reports_final,,
SR-065,2,营业收入@9页,subject=公司；metric=营业收入；period=本期；unit=元；scope=未标明,营业收入,本期,9603312018.03,元,未标明,答辩评测\annual_reports_final,,
SR-065,3,营业收入@5页,subject=公司；metric=营业收入；period=本期；unit=元；scope=未标明,营业收入,本期,9603312018.03,元,未标明,答辩评测\annual_reports_final,,
SR-065,4,营业成本@上期,subject=公司；metric=营业成本；period=上期；unit=元；scope=合并,营业成本,上期,7391420604.06,元,合并,答辩评测\annual_reports_final,,
SR-065,5,财务费用@上期,subject=公司；metric=财务费用；period=上期；unit=元；scope=合并,财务费用,上期,488325242.03,元,合并,答辩评测\annual_reports_final,,
SR-065,6,营业收入@上期,subject=公司；metric=营业收入；period=上期；unit=元；scope=合并,营业收入,上期,8255680918.7,元,合并,答辩评测\annual_reports_final,,
SR-066,1,营业收入@上期,subject=公司；metric=营业收入；period=上期；unit=元；scope=合并,营业收入,上期,585439268.87,元,合并,答辩评测\annual_reports_final,,
SR-066,2,经营活动产生的现金流量净额@上期,subject=公司；metric=经营活动产生的现金流量净额；period=上期；unit=元；scope=合并,经营活动产生的现金流量净额,上期,55782164.12,元,合并,答辩评测\annual_reports_final,,
SR-066,3,管理费用,subject=公司；metric=管理费用；period=本期；unit=元；scope=合并,管理费用,本期,34789571.47,元,合并,答辩评测\annual_reports_final,,
SR-066,4,销售费用@上期,subject=公司；metric=销售费用；period=上期；unit=元；scope=合并,销售费用,上期,4449457.36,元,合并,答辩评测\annual_reports_final,,
SR-066,5,研发费用@上期,subject=公司；metric=研发费用；period=上期；unit=元；scope=合并,研发费用,上期,35399872.22,元,合并,答辩评测\annual_reports_final,,
SR-066,6,管理费用@上期,subject=公司；metric=管理费用；period=上期；unit=元；scope=合并,管理费用,上期,33167928.8,元,合并,答辩评测\annual_reports_final,,
SR-067,1,营业收入,subject=公司；metric=营业收入；period=本期；unit=元；scope=合并,营业收入,本期,9514270368.62,元,合并,答辩评测\annual_reports_final,,
SR-067,2,经营活动产生的现金流量净额@上期,subject=公司；metric=经营活动产生的现金流量净额；period=上期；unit=元；scope=合并,经营活动产生的现金流量净额,上期,4985342191.17,元,合并,答辩评测\annual_reports_final,,
SR-067,3,营业收入@上期,subject=公司；metric=营业收入；period=上期；unit=元；scope=合并,营业收入,上期,8696826071.34,元,合并,答辩评测\annual_reports_final,,
SR-068,1,营业收入@上期,subject=公司；metric=营业收入；period=上期；unit=元；scope=合并,营业收入,上期,303848685.6,元,合并,答辩评测\annual_reports_final,,
SR-068,2,归属于上市公司股东的净利润,subject=公司；metric=归属于上市公司股东的净利润；period=本期；unit=元；scope=合并,归属于上市公司股东的净利润,本期,8259296.58,元,合并,答辩评测\annual_reports_final,,
SR-068,3,归属于上市公司股东的净利润@上期,subject=公司；metric=归属于上市公司股东的净利润；period=上期；unit=元；scope=合并,归属于上市公司股东的净利润,上期,23331394.53,元,合并,答辩评测\annual_reports_final,,
SR-069,1,营业收入,subject=公司；metric=营业收入；period=本期；unit=元；scope=合并,营业收入,本期,2039207683.1,元,合并,答辩评测\annual_reports_final,,
SR-069,2,营业收入@12页,subject=公司；metric=营业收入；period=本期；unit=元；scope=未标明,营业收入,本期,2039207683.1,元,未标明,答辩评测\annual_reports_final,,
SR-069,3,归属于上市公司股东的净利润@上期,subject=公司；metric=归属于上市公司股东的净利润；period=上期；unit=元；scope=合并,归属于上市公司股东的净利润,上期,110314790.35,元,合并,答辩评测\annual_reports_final,,
SR-069,4,营业收入@7页,subject=公司；metric=营业收入；period=本期；unit=元；scope=未标明,营业收入,本期,2039207683.1,元,未标明,答辩评测\annual_reports_final,,
SR-069,5,营业收入@上期,subject=公司；metric=营业收入；period=上期；unit=元；scope=合并,营业收入,上期,1753241917.7,元,合并,答辩评测\annual_reports_final,,
SR-070,1,营业收入,subject=公司；metric=营业收入；period=本期；unit=元；scope=合并,营业收入,本期,2475597183.36,元,合并,答辩评测\annual_reports_final,,
SR-070,2,营业收入@16页,subject=公司；metric=营业收入；period=本期；unit=元；scope=未标明,营业收入,本期,2475597183.36,元,未标明,答辩评测\annual_reports_final,,
SR-070,3,归属于上市公司股东的净利润@上期,subject=公司；metric=归属于上市公司股东的净利润；period=上期；unit=元；scope=合并,归属于上市公司股东的净利润,上期,148133900.31,元,合并,答辩评测\annual_reports_final,,
SR-070,4,营业收入@6页,subject=公司；metric=营业收入；period=本期；unit=元；scope=未标明,营业收入,本期,2475597183.36,元,未标明,答辩评测\annual_reports_final,,
SR-070,5,营业收入@上期,subject=公司；metric=营业收入；period=上期；unit=元；scope=合并,营业收入,上期,2866136492.36,元,合并,答辩评测\annual_reports_final,,
SR-071,1,营业收入@上期,subject=公司；metric=营业收入；period=上期；unit=元；scope=合并,营业收入,上期,1375446232.93,元,合并,答辩评测\annual_reports_final,,
SR-071,2,公允价值变动收益,subject=公司；metric=公允价值变动收益；period=本期；unit=元；scope=合并,公允价值变动收益,本期,35115181.27,元,合并,答辩评测\annual_reports_final,,
SR-071,3,公允价值变动收益@上期,subject=公司；metric=公允价值变动收益；period=上期；unit=元；scope=合并,公允价值变动收益,上期,195727834.14,元,合并,答辩评测\annual_reports_final,,
SR-072,1,营业收入@上期,subject=公司；metric=营业收入；period=上期；unit=元；scope=合并,营业收入,上期,3663751065.48,元,合并,答辩评测\annual_reports_final,,
SR-072,2,归属于上市公司股东的净利润@上期,subject=公司；metric=归属于上市公司股东的净利润；period=上期；unit=元；scope=合并,归属于上市公司股东的净利润,上期,278256474.19,元,合并,答辩评测\annual_reports_final,,
SR-072,3,归属于上市公司股东的扣除非经常性损益的净利润@上期,subject=公司；metric=归属于上市公司股东的扣除非经常性损益的净利润；period=上期；unit=元；scope=合并,归属于上市公司股东的扣除非经常性损益的净利润,上期,226393509.32,元,合并,答辩评测\annual_reports_final,,
SR-072,4,研发费用,subject=公司；metric=研发费用；period=本期；unit=元；scope=合并,研发费用,本期,77809783.01,元,合并,答辩评测\annual_reports_final,,
SR-072,5,销售费用@上期,subject=公司；metric=销售费用；period=上期；unit=元；scope=合并,销售费用,上期,855163582.02,元,合并,答辩评测\annual_reports_final,,
SR-072,6,管理费用@上期,subject=公司；metric=管理费用；period=上期；unit=元；scope=合并,管理费用,上期,172978243.5,元,合并,答辩评测\annual_reports_final,,
SR-072,7,财务费用@上期,subject=公司；metric=财务费用；period=上期；unit=元；scope=合并,财务费用,上期,-13732198.21,元,合并,答辩评测\annual_reports_final,,
SR-072,8,研发费用@上期,subject=公司；metric=研发费用；period=上期；unit=元；scope=合并,研发费用,上期,71647238.45,元,合并,答辩评测\annual_reports_final,,
SR-073,1,营业收入,subject=公司；metric=营业收入；period=本期；unit=元；scope=合并,营业收入,本期,53589664728.2,元,合并,答辩评测\annual_reports_final,,
SR-073,2,营业收入@13页,subject=公司；metric=营业收入；period=本期；unit=元；scope=未标明,营业收入,本期,53589664728.2,元,未标明,答辩评测\annual_reports_final,,
SR-073,3,归属于上市公司股东的净利润@上期,subject=公司；metric=归属于上市公司股东的净利润；period=上期；unit=元；scope=合并,归属于上市公司股东的净利润,上期,595667803.0,元,合并,答辩评测\annual_reports_final,,
SR-073,4,营业收入@6页,subject=公司；metric=营业收入；period=本期；unit=元；scope=未标明,营业收入,本期,53589664728.2,元,未标明,答辩评测\annual_reports_final,,
SR-073,5,营业收入@上期,subject=公司；metric=营业收入；period=上期；unit=元；scope=合并,营业收入,上期,50221563813.03,元,合并,答辩评测\annual_reports_final,,
SR-074,1,营业收入,subject=公司；metric=营业收入；period=本期；unit=元；scope=合并,营业收入,本期,696433152.73,元,合并,答辩评测\annual_reports_final,,
SR-074,2,营业收入@40页,subject=公司；metric=营业收入；period=本期；unit=元；scope=未标明,营业收入,本期,696433152.73,元,未标明,答辩评测\annual_reports_final,,
SR-074,3,归属于上市公司股东的净利润@上期,subject=公司；metric=归属于上市公司股东的净利润；period=上期；unit=元；scope=合并,归属于上市公司股东的净利润,上期,141189858.33,元,合并,答辩评测\annual_reports_final,,
SR-074,4,归属于上市公司股东的扣除非经常性损益的净利润@上期,subject=公司；metric=归属于上市公司股东的扣除非经常性损益的净利润；period=上期；unit=元；scope=合并,归属于上市公司股东的扣除非经常性损益的净利润,上期,110245853.73,元,合并,答辩评测\annual_reports_final,,
SR-074,5,营业收入@8页,subject=公司；metric=营业收入；period=本期；unit=元；scope=未标明,营业收入,本期,696433152.73,元,未标明,答辩评测\annual_reports_final,,
SR-074,6,营业收入@上期,subject=公司；metric=营业收入；period=上期；unit=元；scope=合并,营业收入,上期,654511953.2,元,合并,答辩评测\annual_reports_final,,
SR-075,1,营业收入@上期,subject=公司；metric=营业收入；period=上期；unit=元；scope=合并,营业收入,上期,659528822.77,元,合并,答辩评测\annual_reports_final,,
SR-075,2,归属于上市公司股东的净利润,subject=公司；metric=归属于上市公司股东的净利润；period=本期；unit=元；scope=合并,归属于上市公司股东的净利润,本期,33575207.89,元,合并,答辩评测\annual_reports_final,,
SR-075,3,归属于上市公司股东的净利润@上期,subject=公司；metric=归属于上市公司股东的净利润；period=上期；unit=元；scope=合并,归属于上市公司股东的净利润,上期,49474216.34,元,合并,答辩评测\annual_reports_final,,
SR-076,1,营业收入,subject=公司；metric=营业收入；period=本期；unit=元；scope=合并,营业收入,本期,1366477488.38,元,合并,答辩评测\annual_reports_final,,
SR-076,2,营业收入@16页,subject=公司；metric=营业收入；period=本期；unit=元；scope=未标明,营业收入,本期,1366477488.38,元,未标明,答辩评测\annual_reports_final,,
SR-076,3,归属于上市公司股东的净利润@上期,subject=公司；metric=归属于上市公司股东的净利润；period=上期；unit=元；scope=合并,归属于上市公司股东的净利润,上期,115649851.06,元,合并,答辩评测\annual_reports_final,,
SR-076,4,营业收入@6页,subject=公司；metric=营业收入；period=本期；unit=元；scope=未标明,营业收入,本期,1366477488.38,元,未标明,答辩评测\annual_reports_final,,
SR-076,5,营业收入@上期,subject=公司；metric=营业收入；period=上期；unit=元；scope=合并,营业收入,上期,1338012289.5,元,合并,答辩评测\annual_reports_final,,
SR-077,1,营业收入@上期,subject=公司；metric=营业收入；period=上期；unit=元；scope=合并,营业收入,上期,12182663119.36,元,合并,答辩评测\annual_reports_final,,
SR-077,2,经营活动产生的现金流量净额,subject=公司；metric=经营活动产生的现金流量净额；period=本期；unit=元；scope=合并,经营活动产生的现金流量净额,本期,1955654340.14,元,合并,答辩评测\annual_reports_final,,
SR-077,3,营业成本@上期,subject=公司；metric=营业成本；period=上期；unit=元；scope=合并,营业成本,上期,9507716843.77,元,合并,答辩评测\annual_reports_final,,
SR-077,4,经营活动产生的现金流量净额@7页,subject=公司；metric=经营活动产生的现金流量净额；period=本期；unit=元；scope=未标明,经营活动产生的现金流量净额,本期,1955654340.14,元,未标明,答辩评测\annual_reports_final,,
SR-077,5,经营活动产生的现金流量净额@上期,subject=公司；metric=经营活动产生的现金流量净额；period=上期；unit=元；scope=合并,经营活动产生的现金流量净额,上期,1407225497.62,元,合并,答辩评测\annual_reports_final,,
SR-078,1,营业收入@上期,subject=公司；metric=营业收入；period=上期；unit=元；scope=合并,营业收入,上期,4943938089.68,元,合并,答辩评测\annual_reports_final,,
SR-078,2,归属于上市公司股东的净利润,subject=公司；metric=归属于上市公司股东的净利润；period=本期；unit=元；scope=合并,归属于上市公司股东的净利润,本期,1031325697.38,元,合并,答辩评测\annual_reports_final,,
SR-078,3,归属于上市公司股东的净资产@上期,subject=公司；metric=归属于上市公司股东的净资产；period=上期；unit=元；scope=合并,归属于上市公司股东的净资产,上期,14786256098.08,元,合并,答辩评测\annual_reports_final,,
SR-078,4,营业成本@上期,subject=公司；metric=营业成本；period=上期；unit=元；scope=分部,营业成本,上期,3149580958.53,元,分部,答辩评测\annual_reports_final,,
SR-078,5,归属于上市公司股东的净利润@上期,subject=公司；metric=归属于上市公司股东的净利润；period=上期；unit=元；scope=合并,归属于上市公司股东的净利润,上期,855997415.73,元,合并,答辩评测\annual_reports_final,,
SR-079,1,营业收入@上期,subject=公司；metric=营业收入；period=上期；unit=元；scope=合并,营业收入,上期,2823166116.56,元,合并,答辩评测\annual_reports_final,,
SR-079,2,归属于上市公司股东的扣除非经常性损益的净利润,subject=公司；metric=归属于上市公司股东的扣除非经常性损益的净利润；period=本期；unit=元；scope=合并,归属于上市公司股东的扣除非经常性损益的净利润,本期,158207862.82,元,合并,答辩评测\annual_reports_final,,
SR-079,3,归属于上市公司股东的扣除非经常性损益的净利润@上期,subject=公司；metric=归属于上市公司股东的扣除非经常性损益的净利润；period=上期；unit=元；scope=合并,归属于上市公司股东的扣除非经常性损益的净利润,上期,248452626.14,元,合并,答辩评测\annual_reports_final,,
SR-080,1,营业收入金额@上期,subject=公司；metric=营业收入金额；period=上期；unit=万元；scope=合并,营业收入金额,上期,32291.25,万元,合并,答辩评测\annual_reports_final,,
SR-080,2,营业收入,subject=公司；metric=营业收入；period=本期；unit=元；scope=合并,营业收入,本期,342074728.42,元,合并,答辩评测\annual_reports_final,,
SR-080,3,营业收入@上期,subject=公司；metric=营业收入；period=上期；unit=元；scope=合并,营业收入,上期,322912507.33,元,合并,答辩评测\annual_reports_final,,
SR-081,1,营业收入,subject=公司；metric=营业收入；period=本期；unit=元；scope=合并,营业收入,本期,562215686.66,元,合并,答辩评测\annual_reports_final,,
SR-081,2,营业收入@19页,subject=公司；metric=营业收入；period=本期；unit=元；scope=未标明,营业收入,本期,562215686.66,元,未标明,答辩评测\annual_reports_final,,
SR-081,3,归属于上市公司股东的净利润@上期,subject=公司；metric=归属于上市公司股东的净利润；period=上期；unit=元；scope=合并,归属于上市公司股东的净利润,上期,162925568.32,元,合并,答辩评测\annual_reports_final,,
SR-081,4,营业收入@7页,subject=公司；metric=营业收入；period=本期；unit=元；scope=未标明,营业收入,本期,562215686.66,元,未标明,答辩评测\annual_reports_final,,
SR-081,5,营业收入@上期,subject=公司；metric=营业收入；period=上期；unit=元；scope=合并,营业收入,上期,582282622.29,元,合并,答辩评测\annual_reports_final,,
SR-082,1,营业收入,subject=公司；metric=营业收入；period=本期；unit=元；scope=合并,营业收入,本期,2655908524.74,元,合并,答辩评测\annual_reports_final,,
SR-082,2,营业收入@15页,subject=公司；metric=营业收入；period=本期；unit=元；scope=未标明,营业收入,本期,2655908524.74,元,未标明,答辩评测\annual_reports_final,,
SR-082,3,归属于上市公司股东的净利润@上期,subject=公司；metric=归属于上市公司股东的净利润；period=上期；unit=元；scope=合并,归属于上市公司股东的净利润,上期,49419058.45,元,合并,答辩评测\annual_reports_final,,
SR-082,4,营业收入@6页,subject=公司；metric=营业收入；period=本期；unit=元；scope=未标明,营业收入,本期,2655908524.74,元,未标明,答辩评测\annual_reports_final,,
SR-082,5,营业收入@上期,subject=公司；metric=营业收入；period=上期；unit=元；scope=合并,营业收入,上期,1398284999.28,元,合并,答辩评测\annual_reports_final,,
SR-083,1,归属于上市公司股东的净资产,subject=公司；metric=归属于上市公司股东的净资产；period=本期；unit=元；scope=合并,归属于上市公司股东的净资产,本期,835451790.37,元,合并,答辩评测\annual_reports_final,,
SR-083,2,总资产@上期,subject=公司；metric=总资产；period=上期；unit=元；scope=合并,总资产,上期,1910833283.78,元,合并,答辩评测\annual_reports_final,,
SR-083,3,归属于上市公司股东的净资产@上期,subject=公司；metric=归属于上市公司股东的净资产；period=上期；unit=元；scope=合并,归属于上市公司股东的净资产,上期,766934916.39,元,合并,答辩评测\annual_reports_final,,
SR-084,1,营业收入@上期,subject=公司；metric=营业收入；period=上期；unit=元；scope=合并,营业收入,上期,196868133.72,元,合并,答辩评测\annual_reports_final,,
SR-084,2,归属于上市公司股东的净利润@上期,subject=公司；metric=归属于上市公司股东的净利润；period=上期；unit=元；scope=合并,归属于上市公司股东的净利润,上期,36964848.24,元,合并,答辩评测\annual_reports_final,,
SR-084,3,研发费用,subject=公司；metric=研发费用；period=本期；unit=元；scope=合并,研发费用,本期,90933165.73,元,合并,答辩评测\annual_reports_final,,
SR-084,4,营业成本@上期,subject=公司；metric=营业成本；period=上期；unit=元；scope=合并,营业成本,上期,25890174.64,元,合并,答辩评测\annual_reports_final,,
SR-084,5,研发费用@36页,subject=公司；metric=研发费用；period=本期；unit=；scope=未标明,研发费用,本期,90933165.73,,未标明,答辩评测\annual_reports_final,,
SR-084,6,研发费用@上期,subject=公司；metric=研发费用；period=上期；unit=元；scope=合并,研发费用,上期,72405070.48,元,合并,答辩评测\annual_reports_final,,
SR-085,1,营业收入,subject=公司；metric=营业收入；period=本期；unit=万元；scope=合并,营业收入,本期,551490.04,万元,合并,答辩评测\annual_reports_final,,
SR-085,2,营业收入@25页,subject=公司；metric=营业收入；period=本期；unit=万元；scope=未标明,营业收入,本期,551490.04,万元,未标明,答辩评测\annual_reports_final,,
SR-085,3,总资产@上期,subject=公司；metric=总资产；period=上期；unit=万元；scope=合并,总资产,上期,425605.71,万元,合并,答辩评测\annual_reports_final,,
SR-085,4,营业收入@8页,subject=公司；metric=营业收入；period=本期；unit=万元；scope=未标明,营业收入,本期,551490.04,万元,未标明,答辩评测\annual_reports_final,,
SR-085,5,研发费用@上期,subject=公司；metric=研发费用；period=上期；unit=万元；scope=合并,研发费用,上期,6496.1,万元,合并,答辩评测\annual_reports_final,,
SR-085,6,营业收入@上期,subject=公司；metric=营业收入；period=上期；unit=万元；scope=合并,营业收入,上期,103650.29,万元,合并,答辩评测\annual_reports_final,,
SR-086,1,营业收入@上期,subject=公司；metric=营业收入；period=上期；unit=元；scope=合并,营业收入,上期,1618960531.84,元,合并,答辩评测\annual_reports_final,,
SR-086,2,归属于上市公司股东的净利润,subject=公司；metric=归属于上市公司股东的净利润；period=本期；unit=元；scope=合并,归属于上市公司股东的净利润,本期,179898742.02,元,合并,答辩评测\annual_reports_final,,
SR-086,3,归属于上市公司股东的净利润@上期,subject=公司；metric=归属于上市公司股东的净利润；period=上期；unit=元；scope=合并,归属于上市公司股东的净利润,上期,215048956.44,元,合并,答辩评测\annual_reports_final,,
SR-087,1,营业收入,subject=公司；metric=营业收入；period=本期；unit=元；scope=合并,营业收入,本期,773953741.57,元,合并,答辩评测\annual_reports_final,,
SR-087,2,营业收入@6页,subject=公司；metric=营业收入；period=本期；unit=元；scope=未标明,营业收入,本期,773953741.57,元,未标明,答辩评测\annual_reports_final,,
SR-087,3,营业成本@上期,subject=公司；metric=营业成本；period=上期；unit=元；scope=合并,营业成本,上期,542553109.56,元,合并,答辩评测\annual_reports_final,,
SR-087,4,营业收入@上期,subject=公司；metric=营业收入；period=上期；unit=元；scope=合并,营业收入,上期,768221001.88,元,合并,答辩评测\annual_reports_final,,
SR-088,1,营业收入@上期,subject=公司；metric=营业收入；period=上期；unit=元；scope=合并,营业收入,上期,5266128808.7,元,合并,答辩评测\annual_reports_final,,
SR-088,2,归属于上市公司股东的净利润,subject=公司；metric=归属于上市公司股东的净利润；period=本期；unit=元；scope=合并,归属于上市公司股东的净利润,本期,1020639699.5,元,合并,答辩评测\annual_reports_final,,
SR-088,3,归属于上市公司股东的净利润@上期,subject=公司；metric=归属于上市公司股东的净利润；period=上期；unit=元；scope=合并,归属于上市公司股东的净利润,上期,742544426.23,元,合并,答辩评测\annual_reports_final,,
SR-089,1,营业收入@上期,subject=公司；metric=营业收入；period=上期；unit=元；scope=合并,营业收入,上期,4035650455.55,元,合并,答辩评测\annual_reports_final,,
SR-089,2,销售费用,subject=公司；metric=销售费用；period=本期；unit=元；scope=合并,销售费用,本期,228588642.76,元,合并,答辩评测\annual_reports_final,,
SR-089,3,管理费用@上期,subject=公司；metric=管理费用；period=上期；unit=元；scope=合并,管理费用,上期,232952041.87,元,合并,答辩评测\annual_reports_final,,
SR-089,4,财务费用@上期,subject=公司；metric=财务费用；period=上期；unit=元；scope=合并,财务费用,上期,9331908.48,元,合并,答辩评测\annual_reports_final,,
SR-089,5,销售费用@上期,subject=公司；metric=销售费用；period=上期；unit=元；scope=合并,销售费用,上期,244521323.57,元,合并,答辩评测\annual_reports_final,,
SR-090,1,营业收入@上期,subject=公司；metric=营业收入；period=上期；unit=元；scope=母公司,营业收入,上期,4952243604.81,元,母公司,答辩评测\annual_reports_final,,
SR-090,2,负债总额,subject=公司；metric=负债总额；period=本期；unit=元；scope=母公司,负债总额,本期,73201841046.6,元,母公司,答辩评测\annual_reports_final,,
SR-090,3,归属于母公司股东的净利润@上期,subject=公司；metric=归属于母公司股东的净利润；period=上期；unit=元；scope=母公司,归属于母公司股东的净利润,上期,1873062523.33,元,母公司,答辩评测\annual_reports_final,,
SR-090,4,资产总额@上期,subject=公司；metric=资产总额；period=上期；unit=元；scope=母公司,资产总额,上期,64992113227.17,元,母公司,答辩评测\annual_reports_final,,
SR-090,5,归属于母公司股东的权益@上期,subject=公司；metric=归属于母公司股东的权益；period=上期；unit=元；scope=母公司,归属于母公司股东的权益,上期,21339452695.47,元,母公司,答辩评测\annual_reports_final,,
SR-090,6,营业成本@上期,subject=公司；metric=营业成本；period=上期；unit=元；scope=母公司,营业成本,上期,2718781683.53,元,母公司,答辩评测\annual_reports_final,,
SR-090,7,负债总额@上期,subject=公司；metric=负债总额；period=上期；unit=元；scope=母公司,负债总额,上期,43643711512.9,元,母公司,答辩评测\annual_reports_final,,
SR-091,1,营业收入@上期,subject=公司；metric=营业收入；period=上期；unit=元；scope=合并,营业收入,上期,3556551569.15,元,合并,答辩评测\annual_reports_final,,
SR-091,2,归属于上市公司股东的净利润@上期,subject=公司；metric=归属于上市公司股东的净利润；period=上期；unit=元；scope=合并,归属于上市公司股东的净利润,上期,944736633.48,元,合并,答辩评测\annual_reports_final,,
SR-091,3,经营活动产生的现金流量净额@上期,subject=公司；metric=经营活动产生的现金流量净额；period=上期；unit=元；scope=合并,经营活动产生的现金流量净额,上期,978753167.93,元,合并,答辩评测\annual_reports_final,,
SR-091,4,研发投入占营业收入的比例（%）@上期,subject=公司；metric=研发投入占营业收入的比例（%）；period=上期；unit=%；scope=合并,研发投入占营业收入的比例（%）,上期,5.37,%,合并,答辩评测\annual_reports_final,,
SR-091,5,营业成本,subject=公司；metric=营业成本；period=本期；unit=元；scope=母公司,营业成本,本期,232994996.71,元,母公司,答辩评测\annual_reports_final,,
SR-091,6,销售费用@上期,subject=公司；metric=销售费用；period=上期；unit=元；scope=母公司,销售费用,上期,268917635.98,元,母公司,答辩评测\annual_reports_final,,
SR-091,7,营业成本@上期,subject=公司；metric=营业成本；period=上期；unit=元；scope=母公司,营业成本,上期,1646278958.75,元,母公司,答辩评测\annual_reports_final,,
SR-092,1,归属于上市公司股东的扣除非经常性损益的净利润,subject=公司；metric=归属于上市公司股东的扣除非经常性损益的净利润；period=本期；unit=元；scope=合并,归属于上市公司股东的扣除非经常性损益的净利润,本期,606184283.19,元,合并,答辩评测\annual_reports_final,,
SR-092,2,归属于上市公司股东的净利润@上期,subject=公司；metric=归属于上市公司股东的净利润；period=上期；unit=元；scope=合并,归属于上市公司股东的净利润,上期,130520677.23,元,合并,答辩评测\annual_reports_final,,
SR-092,3,归属于上市公司股东的扣除非经常性损益的净利润@上期,subject=公司；metric=归属于上市公司股东的扣除非经常性损益的净利润；period=上期；unit=元；scope=合并,归属于上市公司股东的扣除非经常性损益的净利润,上期,79374984.63,元,合并,答辩评测\annual_reports_final,,
SR-093,1,营业收入,subject=公司；metric=营业收入；period=本期；unit=元；scope=合并,营业收入,本期,7579176818.23,元,合并,答辩评测\annual_reports_final,,
SR-093,2,经营活动产生的现金流量净额@上期,subject=公司；metric=经营活动产生的现金流量净额；period=上期；unit=元；scope=合并,经营活动产生的现金流量净额,上期,1372934675.85,元,合并,答辩评测\annual_reports_final,,
SR-093,3,营业收入@上期,subject=公司；metric=营业收入；period=上期；unit=元；scope=合并,营业收入,上期,8112035678.53,元,合并,答辩评测\annual_reports_final,,
SR-094,1,营业收入@上期,subject=公司；metric=营业收入；period=上期；unit=元；scope=母公司,营业收入,上期,2201777265.63,元,母公司,答辩评测\annual_reports_final,,
SR-094,2,资产总额,subject=公司；metric=资产总额；period=本期；unit=元；scope=母公司,资产总额,本期,44569613317.44,元,母公司,答辩评测\annual_reports_final,,
SR-094,3,归属于母公司股东的净利润@上期,subject=公司；metric=归属于母公司股东的净利润；period=上期；unit=元；scope=母公司,归属于母公司股东的净利润,上期,709811700.41,元,母公司,答辩评测\annual_reports_final,,
SR-094,4,负债总额@上期,subject=公司；metric=负债总额；period=上期；unit=元；scope=母公司,负债总额,上期,24853738942.18,元,母公司,答辩评测\annual_reports_final,,
SR-094,5,营业成本@上期,subject=公司；metric=营业成本；period=上期；unit=元；scope=母公司,营业成本,上期,1247359529.97,元,母公司,答辩评测\annual_reports_final,,
SR-094,6,资产总额@上期,subject=公司；metric=资产总额；period=上期；unit=元；scope=母公司,资产总额,上期,36058606742.76,元,母公司,答辩评测\annual_reports_final,,
SR-095,1,营业收入@上期,subject=公司；metric=营业收入；period=上期；unit=元；scope=合并,营业收入,上期,579876415.22,元,合并,答辩评测\annual_reports_final,,
SR-095,2,归属于上市公司股东的扣除非经常性损益的净利润,subject=公司；metric=归属于上市公司股东的扣除非经常性损益的净利润；period=本期；unit=元；scope=合并,归属于上市公司股东的扣除非经常性损益的净利润,本期,-179467600.42,元,合并,答辩评测\annual_reports_final,,
SR-095,3,归属于上市公司股东的净利润@上期,subject=公司；metric=归属于上市公司股东的净利润；period=上期；unit=元；scope=合并,归属于上市公司股东的净利润,上期,-1743914.5,元,合并,答辩评测\annual_reports_final,,
SR-095,4,归属于上市公司股东的扣除非经常性损益的净利润@上期,subject=公司；metric=归属于上市公司股东的扣除非经常性损益的净利润；period=上期；unit=元；scope=合并,归属于上市公司股东的扣除非经常性损益的净利润,上期,-78004830.22,元,合并,答辩评测\annual_reports_final,,
SR-096,1,营业收入@上期,subject=公司；metric=营业收入；period=上期；unit=元；scope=合并,营业收入,上期,425356486.3,元,合并,答辩评测\annual_reports_final,,
SR-096,2,归属于上市公司股东的扣除非经常性损益的净利润,subject=公司；metric=归属于上市公司股东的扣除非经常性损益的净利润；period=本期；unit=元；scope=合并,归属于上市公司股东的扣除非经常性损益的净利润,本期,-31111206.66,元,合并,答辩评测\annual_reports_final,,
SR-096,3,销售费用@上期,subject=公司；metric=销售费用；period=上期；unit=元；scope=合并,销售费用,上期,113170721.38,元,合并,答辩评测\annual_reports_final,,
SR-096,4,研发费用@上期,subject=公司；metric=研发费用；period=上期；unit=元；scope=合并,研发费用,上期,85700934.63,元,合并,答辩评测\annual_reports_final,,
SR-096,5,归属于上市公司股东的扣除非经常性损益的净利润@上期,subject=公司；metric=归属于上市公司股东的扣除非经常性损益的净利润；period=上期；unit=元；scope=合并,归属于上市公司股东的扣除非经常性损益的净利润,上期,-15076781.21,元,合并,答辩评测\annual_reports_final,,
SR-097,1,营业收入,subject=公司；metric=营业收入；period=本期；unit=元；scope=合并,营业收入,本期,5456563528.74,元,合并,答辩评测\annual_reports_final,,
SR-097,2,营业收入@18页,subject=公司；metric=营业收入；period=本期；unit=元；scope=未标明,营业收入,本期,5456563528.74,元,未标明,答辩评测\annual_reports_final,,
SR-097,3,归属于上市公司股东的净利润@上期,subject=公司；metric=归属于上市公司股东的净利润；period=上期；unit=元；scope=合并,归属于上市公司股东的净利润,上期,227614597.8,元,合并,答辩评测\annual_reports_final,,
SR-097,4,营业收入@8页,subject=公司；metric=营业收入；period=本期；unit=元；scope=未标明,营业收入,本期,5456563528.74,元,未标明,答辩评测\annual_reports_final,,
SR-097,5,营业收入@上期,subject=公司；metric=营业收入；period=上期；unit=元；scope=合并,营业收入,上期,5026952246.06,元,合并,答辩评测\annual_reports_final,,
SR-098,1,营业收入,subject=公司；metric=营业收入；period=本期；unit=元；scope=合并,营业收入,本期,2444980148.84,元,合并,答辩评测\annual_reports_final,,
SR-098,2,营业收入@15页,subject=公司；metric=营业收入；period=本期；unit=元；scope=未标明,营业收入,本期,2444980148.84,元,未标明,答辩评测\annual_reports_final,,
SR-098,3,归属于上市公司股东的净利润@上期,subject=公司；metric=归属于上市公司股东的净利润；period=上期；unit=元；scope=合并,归属于上市公司股东的净利润,上期,15189630.89,元,合并,答辩评测\annual_reports_final,,
SR-098,4,营业收入@6页,subject=公司；metric=营业收入；period=本期；unit=元；scope=未标明,营业收入,本期,2444980148.84,元,未标明,答辩评测\annual_reports_final,,
SR-098,5,营业收入@上期,subject=公司；metric=营业收入；period=上期；unit=元；scope=合并,营业收入,上期,2025842859.98,元,合并,答辩评测\annual_reports_final,,
SR-099,1,营业收入@上期,subject=公司；metric=营业收入；period=上期；unit=元；scope=合并,营业收入,上期,6913588071.53,元,合并,答辩评测\annual_reports_final,,
SR-099,2,营业成本,subject=公司；metric=营业成本；period=本期；unit=元；scope=分部,营业成本,本期,4034511922.69,元,分部,答辩评测\annual_reports_final,,
SR-099,3,营业成本@上期,subject=公司；metric=营业成本；period=上期；unit=元；scope=分部,营业成本,上期,5682959185.13,元,分部,答辩评测\annual_reports_final,,
SR-100,1,营业收入,subject=公司；metric=营业收入；period=本期；unit=元；scope=合并,营业收入,本期,1385021174.6,元,合并,答辩评测\annual_reports_final,,
SR-100,2,营业收入@14页,subject=公司；metric=营业收入；period=本期；unit=元；scope=未标明,营业收入,本期,1385021174.6,元,未标明,答辩评测\annual_reports_final,,
SR-100,3,归属于上市公司股东的净利润@上期,subject=公司；metric=归属于上市公司股东的净利润；period=上期；unit=元；scope=合并,归属于上市公司股东的净利润,上期,352376335.34,元,合并,答辩评测\annual_reports_final,,
SR-100,4,营业收入@6页,subject=公司；metric=营业收入；period=本期；unit=元；scope=未标明,营业收入,本期,1385021174.6,元,未标明,答辩评测\annual_reports_final,,
SR-100,5,营业收入@上期,subject=公司；metric=营业收入；period=上期；unit=元；scope=合并,营业收入,上期,1697628002.32,元,合并,答辩评测\annual_reports_final,,
SR-101,1,营业收入,subject=公司；metric=营业收入；period=本期；unit=元；scope=合并,营业收入,本期,2943518541.5,元,合并,答辩评测\annual_reports_final,,
SR-101,2,营业收入@上期,subject=公司；metric=营业收入；period=上期；unit=元；scope=合并,营业收入,上期,2500051845.56,元,合并,答辩评测\annual_reports_final,,
SR-101,3,归属于上市公司股东的净利润,subject=公司；metric=归属于上市公司股东的净利润；period=本期；unit=元；scope=合并,归属于上市公司股东的净利润,本期,406598516.96,元,合并,答辩评测\annual_reports_final,,
SR-101,4,归属于上市公司股东的扣除非经常性损益的净利润,subject=公司；metric=归属于上市公司股东的扣除非经常性损益的净利润；period=本期；unit=元；scope=未标明,归属于上市公司股东的扣除非经常性损益的净利润,本期,386403668.57,元,未标明,答辩评测\annual_reports_final,,
SR-101,5,经营活动产生的现金流量净额,subject=公司；metric=经营活动产生的现金流量净额；period=本期；unit=元；scope=未标明,经营活动产生的现金流量净额,本期,184124490.21,元,未标明,答辩评测\annual_reports_final,,
SR-101,6,营业成本,subject=公司；metric=营业成本；period=本期；unit=元；scope=合并,营业成本,本期,2246574489.88,元,合并,答辩评测\annual_reports_final,,
SR-101,7,销售费用,subject=公司；metric=销售费用；period=本期；unit=元；scope=未标明,销售费用,本期,92429703.23,元,未标明,答辩评测\annual_reports_final,,
SR-101,8,管理费用,subject=公司；metric=管理费用；period=本期；unit=元；scope=未标明,管理费用,本期,173611980.04,元,未标明,答辩评测\annual_reports_final,,
SR-101,9,财务费用,subject=公司；metric=财务费用；period=本期；unit=元；scope=未标明,财务费用,本期,57523874.42,元,未标明,答辩评测\annual_reports_final,,
SR-101,10,研发费用,subject=公司；metric=研发费用；period=本期；unit=元；scope=未标明,研发费用,本期,179780199.17,元,未标明,答辩评测\annual_reports_final,,
SR-102,1,营业收入,subject=公司；metric=营业收入；period=本期；unit=元；scope=合并,营业收入,本期,4210912053.7,元,合并,答辩评测\annual_reports_final,,
SR-102,2,营业收入@上期,subject=公司；metric=营业收入；period=上期；unit=元；scope=合并,营业收入,上期,3663751065.48,元,合并,答辩评测\annual_reports_final,,
SR-102,3,归属于上市公司股东的净利润,subject=公司；metric=归属于上市公司股东的净利润；period=本期；unit=元；scope=合并,归属于上市公司股东的净利润,本期,379075331.86,元,合并,答辩评测\annual_reports_final,,
SR-102,4,归属于上市公司股东的扣除非经常性损益的净利润,subject=公司；metric=归属于上市公司股东的扣除非经常性损益的净利润；period=本期；unit=元；scope=合并,归属于上市公司股东的扣除非经常性损益的净利润,本期,327673282.4,元,合并,答辩评测\annual_reports_final,,
SR-102,5,经营活动产生的现金流量净额,subject=公司；metric=经营活动产生的现金流量净额；period=本期；unit=元；scope=未标明,经营活动产生的现金流量净额,本期,492987278.67,元,未标明,答辩评测\annual_reports_final,,
SR-102,6,归属于上市公司股东的净资产,subject=公司；metric=归属于上市公司股东的净资产；period=本期；unit=元；scope=合并,归属于上市公司股东的净资产,本期,2944814610.71,元,合并,答辩评测\annual_reports_final,,
SR-102,7,总资产,subject=公司；metric=总资产；period=本期；unit=元；scope=未标明,总资产,本期,3647155297.02,元,未标明,答辩评测\annual_reports_final,,
SR-102,8,基本每股收益（元／股）,subject=公司；metric=基本每股收益（元／股）；period=本期；unit=%；scope=未标明,基本每股收益（元／股）,本期,1.44,%,未标明,答辩评测\annual_reports_final,,
SR-102,9,营业收入@24页,subject=公司；metric=营业收入；period=本期；unit=元；scope=未标明,营业收入,本期,4210912053.7,元,未标明,答辩评测\annual_reports_final,,
SR-102,10,归属于上市公司股东的净利润@上期,subject=公司；metric=归属于上市公司股东的净利润；period=上期；unit=元；scope=合并,归属于上市公司股东的净利润,上期,278256474.19,元,合并,答辩评测\annual_reports_final,,
SR-102,11,归属于上市公司股东的扣除非经常性损益的净利润@上期,subject=公司；metric=归属于上市公司股东的扣除非经常性损益的净利润；period=上期；unit=元；scope=合并,归属于上市公司股东的扣除非经常性损益的净利润,上期,226393509.32,元,合并,答辩评测\annual_reports_final,,
SR-102,12,营业成本,subject=公司；metric=营业成本；period=本期；unit=元；scope=未标明,营业成本,本期,2524727096.7,元,未标明,答辩评测\annual_reports_final,,
SR-102,13,销售费用,subject=公司；metric=销售费用；period=本期；unit=元；scope=合并,销售费用,本期,1015047030.59,元,合并,答辩评测\annual_reports_final,,
SR-102,14,管理费用,subject=公司；metric=管理费用；period=本期；unit=元；scope=合并,管理费用,本期,181046660.09,元,合并,答辩评测\annual_reports_final,,
SR-102,15,财务费用,subject=公司；metric=财务费用；period=本期；unit=元；scope=合并,财务费用,本期,-19329910.66,元,合并,答辩评测\annual_reports_final,,
SR-102,16,研发费用,subject=公司；metric=研发费用；period=本期；unit=元；scope=合并,研发费用,本期,77809783.01,元,合并,答辩评测\annual_reports_final,,
SR-102,17,营业收入@6页,subject=公司；metric=营业收入；period=本期；unit=元；scope=未标明,营业收入,本期,4210912053.7,元,未标明,答辩评测\annual_reports_final,,
SR-102,18,销售费用@上期,subject=公司；metric=销售费用；period=上期；unit=元；scope=合并,销售费用,上期,855163582.02,元,合并,答辩评测\annual_reports_final,,
SR-102,19,管理费用@上期,subject=公司；metric=管理费用；period=上期；unit=元；scope=合并,管理费用,上期,172978243.5,元,合并,答辩评测\annual_reports_final,,
SR-102,20,财务费用@上期,subject=公司；metric=财务费用；period=上期；unit=元；scope=合并,财务费用,上期,-13732198.21,元,合并,答辩评测\annual_reports_final,,
SR-102,21,研发费用@上期,subject=公司；metric=研发费用；period=上期；unit=元；scope=合并,研发费用,上期,71647238.45,元,合并,答辩评测\annual_reports_final,,
SR-103,1,营业收入,subject=公司；metric=营业收入；period=本期；unit=元；scope=合并,营业收入,本期,243109669.44,元,合并,答辩评测\annual_reports_final,,
SR-103,2,营业收入@上期,subject=公司；metric=营业收入；period=上期；unit=元；scope=合并,营业收入,上期,196868133.72,元,合并,答辩评测\annual_reports_final,,
SR-103,3,归属于上市公司股东的净利润,subject=公司；metric=归属于上市公司股东的净利润；period=本期；unit=元；scope=合并,归属于上市公司股东的净利润,本期,44464618.65,元,合并,答辩评测\annual_reports_final,,
SR-103,4,归属于上市公司股东的扣除非经常性损益的净利润,subject=公司；metric=归属于上市公司股东的扣除非经常性损益的净利润；period=本期；unit=元；scope=未标明,归属于上市公司股东的扣除非经常性损益的净利润,本期,26630142.09,元,未标明,答辩评测\annual_reports_final,,
SR-103,5,经营活动产生的现金流量净额,subject=公司；metric=经营活动产生的现金流量净额；period=本期；unit=元；scope=未标明,经营活动产生的现金流量净额,本期,3254695.79,元,未标明,答辩评测\annual_reports_final,,
SR-103,6,归属于上市公司股东的净资产,subject=公司；metric=归属于上市公司股东的净资产；period=本期；unit=元；scope=未标明,归属于上市公司股东的净资产,本期,1172580744.17,元,未标明,答辩评测\annual_reports_final,,
SR-103,7,总资产,subject=公司；metric=总资产；period=本期；unit=元；scope=未标明,总资产,本期,1254959181.74,元,未标明,答辩评测\annual_reports_final,,
SR-103,8,基本每股收益（元／股）,subject=公司；metric=基本每股收益（元／股）；period=本期；unit=元；scope=未标明,基本每股收益（元／股）,本期,0.54,元,未标明,答辩评测\annual_reports_final,,
SR-103,9,营业收入@32页,subject=公司；metric=营业收入；period=本期；unit=元；scope=未标明,营业收入,本期,243109669.44,元,未标明,答辩评测\annual_reports_final,,
SR-103,10,归属于上市公司股东的净利润@上期,subject=公司；metric=归属于上市公司股东的净利润；period=上期；unit=元；scope=合并,归属于上市公司股东的净利润,上期,36964848.24,元,合并,答辩评测\annual_reports_final,,
SR-103,11,营业成本,subject=公司；metric=营业成本；period=本期；unit=元；scope=合并,营业成本,本期,40059897.32,元,合并,答辩评测\annual_reports_final,,
SR-103,12,销售费用,subject=公司；metric=销售费用；period=本期；unit=元；scope=未标明,销售费用,本期,73427746.07,元,未标明,答辩评测\annual_reports_final,,
SR-103,13,管理费用,subject=公司；metric=管理费用；period=本期；unit=元；scope=未标明,管理费用,本期,13693867.04,元,未标明,答辩评测\annual_reports_final,,
SR-103,14,财务费用,subject=公司；metric=财务费用；period=本期；unit=元；scope=未标明,财务费用,本期,-4210320.55,元,未标明,答辩评测\annual_reports_final,,
SR-103,15,研发费用,subject=公司；metric=研发费用；period=本期；unit=元；scope=合并,研发费用,本期,90933165.73,元,合并,答辩评测\annual_reports_final,,
SR-103,16,营业收入@7页,subject=公司；metric=营业收入；period=本期；unit=元；scope=未标明,营业收入,本期,243109669.44,元,未标明,答辩评测\annual_reports_final,,
SR-103,17,营业成本@上期,subject=公司；metric=营业成本；period=上期；unit=元；scope=合并,营业成本,上期,25890174.64,元,合并,答辩评测\annual_reports_final,,
SR-103,18,研发费用@上期,subject=公司；metric=研发费用；period=上期；unit=元；scope=合并,研发费用,上期,72405070.48,元,合并,答辩评测\annual_reports_final,,
SR-103,19,研发费用@36页,subject=公司；metric=研发费用；period=本期；unit=；scope=未标明,研发费用,本期,90933165.73,,未标明,答辩评测\annual_reports_final,,
SR-104,1,营业收入,subject=公司；metric=营业收入；period=本期；unit=元；scope=合并,营业收入,本期,1290579506.56,元,合并,答辩评测\annual_reports_final,,
SR-104,2,营业收入@上期,subject=公司；metric=营业收入；period=上期；unit=元；scope=合并,营业收入,上期,657953771.1,元,合并,答辩评测\annual_reports_final,,
SR-104,3,归属于上市公司股东的净利润,subject=公司；metric=归属于上市公司股东的净利润；period=本期；unit=元；scope=合并,归属于上市公司股东的净利润,本期,164615860.14,元,合并,答辩评测\annual_reports_final,,
SR-104,4,归属于上市公司股东的扣除非经常性损益的净利润,subject=公司；metric=归属于上市公司股东的扣除非经常性损益的净利润；period=本期；unit=元；scope=未标明,归属于上市公司股东的扣除非经常性损益的净利润,本期,179245648.53,元,未标明,答辩评测\annual_reports_final,,
SR-104,5,经营活动产生的现金流量净额,subject=公司；metric=经营活动产生的现金流量净额；period=本期；unit=元；scope=合并,经营活动产生的现金流量净额,本期,299356664.61,元,合并,答辩评测\annual_reports_final,,
SR-104,6,归属于上市公司股东的净资产,subject=公司；metric=归属于上市公司股东的净资产；period=本期；unit=元；scope=未标明,归属于上市公司股东的净资产,本期,1413946242.69,元,未标明,答辩评测\annual_reports_final,,
SR-104,7,总资产,subject=公司；metric=总资产；period=本期；unit=元；scope=未标明,总资产,本期,2071751797.8,元,未标明,答辩评测\annual_reports_final,,
SR-104,8,基本每股收益（元／股）,subject=公司；metric=基本每股收益（元／股）；period=本期；unit=元；scope=未标明,基本每股收益（元／股）,本期,0.47,元,未标明,答辩评测\annual_reports_final,,
SR-104,9,营业收入@17页,subject=公司；metric=营业收入；period=本期；unit=元；scope=未标明,营业收入,本期,1290579506.56,元,未标明,答辩评测\annual_reports_final,,
SR-104,10,归属于上市公司股东的净利润@上期,subject=公司；metric=归属于上市公司股东的净利润；period=上期；unit=元；scope=合并,归属于上市公司股东的净利润,上期,94074793.26,元,合并,答辩评测\annual_reports_final,,
SR-104,11,经营活动产生的现金流量净额@17页,subject=公司；metric=经营活动产生的现金流量净额；period=本期；unit=元；scope=未标明,经营活动产生的现金流量净额,本期,299356664.61,元,未标明,答辩评测\annual_reports_final,,
SR-104,12,营业成本,subject=公司；metric=营业成本；period=本期；unit=元；scope=未标明,营业成本,本期,882422616.52,元,未标明,答辩评测\annual_reports_final,,
SR-104,13,销售费用,subject=公司；metric=销售费用；period=本期；unit=元；scope=合并,销售费用,本期,31601453.53,元,合并,答辩评测\annual_reports_final,,
SR-104,14,管理费用,subject=公司；metric=管理费用；period=本期；unit=元；scope=未标明,管理费用,本期,55290559.05,元,未标明,答辩评测\annual_reports_final,,
SR-104,15,研发费用,subject=公司；metric=研发费用；period=本期；unit=元；scope=未标明,研发费用,本期,20542014.2,元,未标明,答辩评测\annual_reports_final,,
SR-104,16,财务费用,subject=公司；metric=财务费用；period=本期；unit=元；scope=合并,财务费用,本期,-7524925.89,元,合并,答辩评测\annual_reports_final,,
SR-104,17,营业收入@5页,subject=公司；metric=营业收入；period=本期；unit=元；scope=未标明,营业收入,本期,1290579506.56,元,未标明,答辩评测\annual_reports_final,,
SR-104,18,销售费用@上期,subject=公司；metric=销售费用；period=上期；unit=元；scope=合并,销售费用,上期,11819896.77,元,合并,答辩评测\annual_reports_final,,
SR-104,19,经营活动产生的现金流量净额@5页,subject=公司；metric=经营活动产生的现金流量净额；period=本期；unit=元；scope=未标明,经营活动产生的现金流量净额,本期,299356664.61,元,未标明,答辩评测\annual_reports_final,,
SR-104,20,投资活动产生的现金流量净额,subject=公司；metric=投资活动产生的现金流量净额；period=本期；unit=元；scope=合并,投资活动产生的现金流量净额,本期,-362096085.89,元,合并,答辩评测\annual_reports_final,,
SR-104,21,投资活动产生的现金流量净额@上期,subject=公司；metric=投资活动产生的现金流量净额；period=上期；unit=元；scope=合并,投资活动产生的现金流量净额,上期,-76758033.58,元,合并,答辩评测\annual_reports_final,,
SR-105,1,营业收入,subject=公司；metric=营业收入；period=本期；unit=元；scope=合并,营业收入,本期,7460833337.44,元,合并,答辩评测\annual_reports_final,,
SR-105,2,营业收入@上期,subject=公司；metric=营业收入；period=上期；unit=元；scope=合并,营业收入,上期,7540978549.39,元,合并,答辩评测\annual_reports_final,,
SR-105,3,扣除与主营业务无关的业务收入和不具备商业实质的收入后的营业收入,subject=公司；metric=扣除与主营业务无关的业务收入和不具备商业实质的收入后的营业收入；period=本期；unit=元；scope=未标明,扣除与主营业务无关的业务收入和不具备商业实质的收入后的营业收入,本期,7417722270.39,元,未标明,答辩评测\annual_reports_final,,
SR-105,4,归属于上市公司股东的净利润,subject=公司；metric=归属于上市公司股东的净利润；period=本期；unit=元；scope=合并,归属于上市公司股东的净利润,本期,147013530.7,元,合并,答辩评测\annual_reports_final,,
SR-105,5,归属于上市公司股东的扣除非经常性损益的净利润,subject=公司；metric=归属于上市公司股东的扣除非经常性损益的净利润；period=本期；unit=元；scope=未标明,归属于上市公司股东的扣除非经常性损益的净利润,本期,-167560827.37,元,未标明,答辩评测\annual_reports_final,,
SR-105,6,经营活动产生的现金流量净额,subject=公司；metric=经营活动产生的现金流量净额；period=本期；unit=元；scope=未标明,经营活动产生的现金流量净额,本期,-765418932.62,元,未标明,答辩评测\annual_reports_final,,
SR-105,7,营业成本,subject=公司；metric=营业成本；period=本期；unit=元；scope=未标明,营业成本,本期,7269645606.41,元,未标明,答辩评测\annual_reports_final,,
SR-105,8,销售费用,subject=公司；metric=销售费用；period=本期；unit=元；scope=未标明,销售费用,本期,9526002.37,元,未标明,答辩评测\annual_reports_final,,
SR-105,9,管理费用,subject=公司；metric=管理费用；period=本期；unit=元；scope=未标明,管理费用,本期,184593624.24,元,未标明,答辩评测\annual_reports_final,,
SR-105,10,财务费用,subject=公司；metric=财务费用；period=本期；unit=元；scope=未标明,财务费用,本期,100035613.99,元,未标明,答辩评测\annual_reports_final,,
SR-105,11,研发费用,subject=公司；metric=研发费用；period=本期；unit=元；scope=未标明,研发费用,本期,17058544.26,元,未标明,答辩评测\annual_reports_final,,
SR-106,1,营业收入,subject=公司；metric=营业收入；period=本期；unit=元；scope=合并,营业收入,本期,30119651314.24,元,合并,答辩评测\annual_reports_final,,
SR-106,2,营业收入@上期,subject=公司；metric=营业收入；period=上期；unit=元；scope=合并,营业收入,上期,35555650027.5,元,合并,答辩评测\annual_reports_final,,
SR-106,3,营业成本,subject=公司；metric=营业成本；period=本期；unit=元；scope=未标明,营业成本,本期,21857697660.77,元,未标明,答辩评测\annual_reports_final,,
SR-106,4,销售费用,subject=公司；metric=销售费用；period=本期；unit=元；scope=未标明,销售费用,本期,84787499.52,元,未标明,答辩评测\annual_reports_final,,
SR-106,5,管理费用,subject=公司；metric=管理费用；period=本期；unit=元；scope=未标明,管理费用,本期,1563092483.44,元,未标明,答辩评测\annual_reports_final,,
SR-106,6,财务费用,subject=公司；metric=财务费用；period=本期；unit=元；scope=未标明,财务费用,本期,2110664770.6,元,未标明,答辩评测\annual_reports_final,,
SR-106,7,研发费用,subject=公司；metric=研发费用；period=本期；unit=元；scope=未标明,研发费用,本期,124485372.5,元,未标明,答辩评测\annual_reports_final,,
SR-106,8,经营活动产生的现金流量净额,subject=公司；metric=经营活动产生的现金流量净额；period=本期；unit=元；scope=未标明,经营活动产生的现金流量净额,本期,7024671658.8,元,未标明,答辩评测\annual_reports_final,,
SR-107,1,营业收入,subject=公司；metric=营业收入；period=本期；unit=元；scope=合并,营业收入,本期,562215686.66,元,合并,答辩评测\annual_reports_final,,
SR-107,2,营业收入@上期,subject=公司；metric=营业收入；period=上期；unit=元；scope=合并,营业收入,上期,582282622.29,元,合并,答辩评测\annual_reports_final,,
SR-107,3,归属于上市公司股东的净利润,subject=公司；metric=归属于上市公司股东的净利润；period=本期；unit=元；scope=合并,归属于上市公司股东的净利润,本期,107528739.71,元,合并,答辩评测\annual_reports_final,,
SR-107,4,归属于上市公司股东的扣除非经常性损益的净利润,subject=公司；metric=归属于上市公司股东的扣除非经常性损益的净利润；period=本期；unit=元；scope=未标明,归属于上市公司股东的扣除非经常性损益的净利润,本期,122163419.94,元,未标明,答辩评测\annual_reports_final,,
SR-107,5,经营活动产生的现金流量净额,subject=公司；metric=经营活动产生的现金流量净额；period=本期；unit=元；scope=未标明,经营活动产生的现金流量净额,本期,352172958.47,元,未标明,答辩评测\annual_reports_final,,
SR-107,6,归属于上市公司股东的净资产,subject=公司；metric=归属于上市公司股东的净资产；period=本期；unit=元；scope=未标明,归属于上市公司股东的净资产,本期,1219211367.88,元,未标明,答辩评测\annual_reports_final,,
SR-107,7,总资产,subject=公司；metric=总资产；period=本期；unit=元；scope=合并,总资产,本期,1672859840.04,元,合并,答辩评测\annual_reports_final,,
SR-107,8,基本每股收益（元／股）,subject=公司；metric=基本每股收益（元／股）；period=本期；unit=%；scope=未标明,基本每股收益（元／股）,本期,0.47,%,未标明,答辩评测\annual_reports_final,,
SR-107,9,归属于上市公司股东的净利润@上期,subject=公司；metric=归属于上市公司股东的净利润；period=上期；unit=元；scope=合并,归属于上市公司股东的净利润,上期,162925568.32,元,合并,答辩评测\annual_reports_final,,
SR-107,10,营业成本,subject=公司；metric=营业成本；period=本期；unit=元；scope=未标明,营业成本,本期,274412490.7,元,未标明,答辩评测\annual_reports_final,,
SR-107,11,销售费用,subject=公司；metric=销售费用；period=本期；unit=元；scope=未标明,销售费用,本期,9494847.82,元,未标明,答辩评测\annual_reports_final,,
SR-107,12,管理费用,subject=公司；metric=管理费用；period=本期；unit=元；scope=未标明,管理费用,本期,62633412.46,元,未标明,答辩评测\annual_reports_final,,
SR-107,13,财务费用,subject=公司；metric=财务费用；period=本期；unit=元；scope=未标明,财务费用,本期,8204665.6,元,未标明,答辩评测\annual_reports_final,,
SR-107,14,研发费用,subject=公司；metric=研发费用；period=本期；unit=元；scope=未标明,研发费用,本期,31679094.13,元,未标明,答辩评测\annual_reports_final,,
SR-107,15,应收款项融资,subject=公司；metric=应收款项融资；period=本期；unit=元；scope=合并,应收款项融资,本期,13116674.4,元,合并,答辩评测\annual_reports_final,,
SR-107,16,货币资金,subject=公司；metric=货币资金；period=本期；unit=元；scope=未标明,货币资金,本期,176559538.12,元,未标明,答辩评测\annual_reports_final,,
SR-107,17,交易性金融资产,subject=公司；metric=交易性金融资产；period=本期；unit=元；scope=未标明,交易性金融资产,本期,159722479.8,元,未标明,答辩评测\annual_reports_final,,
SR-107,18,应收票据,subject=公司；metric=应收票据；period=本期；unit=元；scope=未标明,应收票据,本期,8803206.84,元,未标明,答辩评测\annual_reports_final,,
SR-107,19,应收账款,subject=公司；metric=应收账款；period=本期；unit=元；scope=未标明,应收账款,本期,190325382.26,元,未标明,答辩评测\annual_reports_final,,
SR-107,20,预付款项,subject=公司；metric=预付款项；period=本期；unit=元；scope=未标明,预付款项,本期,577096.99,元,未标明,答辩评测\annual_reports_final,,
SR-107,21,其他应收款,subject=公司；metric=其他应收款；period=本期；unit=元；scope=未标明,其他应收款,本期,1158887.46,元,未标明,答辩评测\annual_reports_final,,
SR-107,22,应收款项融资@9页,subject=公司；metric=应收款项融资；period=本期；unit=元；scope=未标明,应收款项融资,本期,13116674.4,元,未标明,答辩评测\annual_reports_final,,
SR-107,23,投资性房地产,subject=公司；metric=投资性房地产；period=本期；unit=元；scope=合并,投资性房地产,本期,156515149.05,元,合并,答辩评测\annual_reports_final,,
SR-108,1,营业收入,subject=公司；metric=营业收入；period=本期；unit=元；scope=合并,营业收入,本期,610757157.35,元,合并,答辩评测\annual_reports_final,,
SR-108,2,营业收入@上期,subject=公司；metric=营业收入；period=上期；unit=元；scope=合并,营业收入,上期,579876415.22,元,合并,答辩评测\annual_reports_final,,
SR-108,3,扣除与主营业务无关的业务收入和不具备商业实质的收入后的营业收入,subject=公司；metric=扣除与主营业务无关的业务收入和不具备商业实质的收入后的营业收入；period=本期；unit=元；scope=未标明,扣除与主营业务无关的业务收入和不具备商业实质的收入后的营业收入,本期,610752327.16,元,未标明,答辩评测\annual_reports_final,,
SR-108,4,归属于上市公司股东的净利润,subject=公司；metric=归属于上市公司股东的净利润；period=本期；unit=元；scope=合并,归属于上市公司股东的净利润,本期,-90940983.27,元,合并,答辩评测\annual_reports_final,,
SR-108,5,归属于上市公司股东的扣除非经常性损益的净利润,subject=公司；metric=归属于上市公司股东的扣除非经常性损益的净利润；period=本期；unit=元；scope=合并,归属于上市公司股东的扣除非经常性损益的净利润,本期,-179467600.42,元,合并,答辩评测\annual_reports_final,,
SR-108,6,经营活动产生的现金流量净额,subject=公司；metric=经营活动产生的现金流量净额；period=本期；unit=元；scope=未标明,经营活动产生的现金流量净额,本期,-37665633.66,元,未标明,答辩评测\annual_reports_final,,
SR-108,7,归属于上市公司股东的净资产,subject=公司；metric=归属于上市公司股东的净资产；period=本期；unit=元；scope=未标明,归属于上市公司股东的净资产,本期,2562395247.1,元,未标明,答辩评测\annual_reports_final,,
SR-108,8,总资产,subject=公司；metric=总资产；period=本期；unit=元；scope=合并,总资产,本期,3013043106.88,元,合并,答辩评测\annual_reports_final,,
SR-108,9,归属于上市公司股东的净利润@上期,subject=公司；metric=归属于上市公司股东的净利润；period=上期；unit=元；scope=合并,归属于上市公司股东的净利润,上期,-1743914.5,元,合并,答辩评测\annual_reports_final,,
SR-108,10,归属于上市公司股东的扣除非经常性损益的净利润@上期,subject=公司；metric=归属于上市公司股东的扣除非经常性损益的净利润；period=上期；unit=元；scope=合并,归属于上市公司股东的扣除非经常性损益的净利润,上期,-78004830.22,元,合并,答辩评测\annual_reports_final,,
SR-108,11,营业成本,subject=公司；metric=营业成本；period=本期；unit=元；scope=未标明,营业成本,本期,31843352.56,元,未标明,答辩评测\annual_reports_final,,
SR-108,12,销售费用,subject=公司；metric=销售费用；period=本期；unit=元；scope=未标明,销售费用,本期,339796352.79,元,未标明,答辩评测\annual_reports_final,,
SR-108,13,管理费用,subject=公司；metric=管理费用；period=本期；unit=元；scope=未标明,管理费用,本期,138344386.06,元,未标明,答辩评测\annual_reports_final,,
SR-108,14,财务费用,subject=公司；metric=财务费用；period=本期；unit=元；scope=未标明,财务费用,本期,-6472548.85,元,未标明,答辩评测\annual_reports_final,,
SR-108,15,研发费用,subject=公司；metric=研发费用；period=本期；unit=元；scope=未标明,研发费用,本期,224479965.23,元,未标明,答辩评测\annual_reports_final,,
SR-109,1,营业收入,subject=公司；metric=营业收入；period=本期；unit=元；scope=母公司,营业收入,本期,2365296802.01,元,母公司,答辩评测\annual_reports_final,,
SR-109,2,营业收入@上期,subject=公司；metric=营业收入；period=上期；unit=元；scope=母公司,营业收入,上期,2201777265.63,元,母公司,答辩评测\annual_reports_final,,
SR-109,3,归属于母公司股东的净利润,subject=公司；metric=归属于母公司股东的净利润；period=本期；unit=元；scope=母公司,归属于母公司股东的净利润,本期,809594147.08,元,母公司,答辩评测\annual_reports_final,,
SR-109,4,归属于母公司股东的扣除非经常性损益的净利润,subject=公司；metric=归属于母公司股东的扣除非经常性损益的净利润；period=本期；unit=元；scope=未标明,归属于母公司股东的扣除非经常性损益的净利润,本期,810453748.57,元,未标明,答辩评测\annual_reports_final,,
SR-109,5,经营活动产生的现金流量净额,subject=公司；metric=经营活动产生的现金流量净额；period=本期；unit=元；scope=未标明,经营活动产生的现金流量净额,本期,-4630318154.69,元,未标明,答辩评测\annual_reports_final,,
SR-109,6,其他综合收益,subject=公司；metric=其他综合收益；period=本期；unit=元；scope=未标明,其他综合收益,本期,-158409085.42,元,未标明,答辩评测\annual_reports_final,,
SR-109,7,资产总额,subject=公司；metric=资产总额；period=本期；unit=元；scope=母公司,资产总额,本期,44569613317.44,元,母公司,答辩评测\annual_reports_final,,
SR-109,8,负债总额,subject=公司；metric=负债总额；period=本期；unit=元；scope=母公司,负债总额,本期,28665166023.05,元,母公司,答辩评测\annual_reports_final,,
SR-109,9,营业收入@26页,subject=公司；metric=营业收入；period=本期；unit=元；scope=未标明,营业收入,本期,2365296802.01,元,未标明,答辩评测\annual_reports_final,,
SR-109,10,归属于母公司股东的净利润@上期,subject=公司；metric=归属于母公司股东的净利润；period=上期；unit=元；scope=母公司,归属于母公司股东的净利润,上期,709811700.41,元,母公司,答辩评测\annual_reports_final,,
SR-109,11,资产总额@上期,subject=公司；metric=资产总额；period=上期；unit=元；scope=母公司,资产总额,上期,36058606742.76,元,母公司,答辩评测\annual_reports_final,,
SR-109,12,负债总额@上期,subject=公司；metric=负债总额；period=上期；unit=元；scope=母公司,负债总额,上期,24853738942.18,元,母公司,答辩评测\annual_reports_final,,
SR-109,13,营业成本,subject=公司；metric=营业成本；period=本期；unit=元；scope=母公司,营业成本,本期,1317988234.3,元,母公司,答辩评测\annual_reports_final,,
SR-109,14,管理费用,subject=公司；metric=管理费用；period=本期；unit=元；scope=未标明,管理费用,本期,1200108315.21,元,未标明,答辩评测\annual_reports_final,,
SR-109,15,投资活动产生的现金流量净额,subject=公司；metric=投资活动产生的现金流量净额；period=本期；unit=元；scope=未标明,投资活动产生的现金流量净额,本期,-223884131.82,元,未标明,答辩评测\annual_reports_final,,
SR-109,16,筹资活动产生的现金流量净额,subject=公司；metric=筹资活动产生的现金流量净额；period=本期；unit=元；scope=未标明,筹资活动产生的现金流量净额,本期,7001279669.57,元,未标明,答辩评测\annual_reports_final,,
SR-109,17,营业收入@18页,subject=公司；metric=营业收入；period=本期；unit=元；scope=未标明,营业收入,本期,2365296802.01,元,未标明,答辩评测\annual_reports_final,,
SR-109,18,营业成本@上期,subject=公司；metric=营业成本；period=上期；unit=元；scope=母公司,营业成本,上期,1247359529.97,元,母公司,答辩评测\annual_reports_final,,
SR-109,19,业务及管理费,subject=公司；metric=业务及管理费；period=本期；unit=元；scope=合并,业务及管理费,本期,1200108315.21,元,合并,答辩评测\annual_reports_final,,
SR-109,20,税金及附加,subject=公司；metric=税金及附加；period=本期；unit=元；scope=未标明,税金及附加,本期,25967295.25,元,未标明,答辩评测\annual_reports_final,,
SR-109,21,信用减值损失,subject=公司；metric=信用减值损失；period=本期；unit=元；scope=未标明,信用减值损失,本期,91912623.84,元,未标明,答辩评测\annual_reports_final,,
SR-110,1,研发费用,subject=公司；metric=研发费用；period=本期；unit=元；scope=合并,研发费用,本期,29681719.45,元,合并,答辩评测\annual_reports_final,,
SR-110,2,研发费用@上期,subject=公司；metric=研发费用；period=上期；unit=元；scope=合并,研发费用,上期,26873871.37,元,合并,答辩评测\annual_reports_final,,
SR-110,3,销售费用,subject=公司；metric=销售费用；period=本期；unit=元；scope=未标明,销售费用,本期,37738946.43,元,未标明,答辩评测\annual_reports_final,,
SR-110,4,管理费用,subject=公司；metric=管理费用；period=本期；unit=元；scope=未标明,管理费用,本期,48802012.69,元,未标明,答辩评测\annual_reports_final,,
SR-110,5,财务费用,subject=公司；metric=财务费用；period=本期；unit=元；scope=未标明,财务费用,本期,-4665048.39,元,未标明,答辩评测\annual_reports_final,,
SR-111,1,营业收入金额,subject=公司；metric=营业收入金额；period=本期；unit=万元；scope=合并,营业收入金额,本期,34207.47,万元,合并,答辩评测\annual_reports_final,,
SR-111,2,营业收入金额@上期,subject=公司；metric=营业收入金额；period=上期；unit=万元；scope=合并,营业收入金额,上期,32291.25,万元,合并,答辩评测\annual_reports_final,,
SR-111,3,营业收入扣除项目合计金额,subject=公司；metric=营业收入扣除项目合计金额；period=本期；unit=万元；scope=未标明,营业收入扣除项目合计金额,本期,1226.39,万元,未标明,答辩评测\annual_reports_final,,
SR-111,4,营业收入扣除项目合计金额占营业收入的比重（%）,subject=公司；metric=营业收入扣除项目合计金额占营业收入的比重（%）；period=本期；unit=万元；scope=未标明,营业收入扣除项目合计金额占营业收入的比重（%）,本期,3.59,万元,未标明,答辩评测\annual_reports_final,,
SR-111,5,1.正常经营之外的其他业务收入。如出租固定资产、无形资产、包装物，销售材料，用材料进行非货币性资产交换，经营受托管理业务等实现的收入，以及虽计入主营业务收入，但属于上市公司正常经营之外的收入。,subject=公司；metric=1.正常经营之外的其他业务收入。如出租固定资产、无形资产、包装物，销售材料，用材料进行非货币性资产交换，经营受托管理业务等实现的收入，以及虽计入主营业务收入，但属于上市公司正常经营之外的收入。；period=本期；unit=万元；scope=未标明,1.正常经营之外的其他业务收入。如出租固定资产、无形资产、包装物，销售材料，用材料进行非货币性资产交换，经营受托管理业务等实现的收入，以及虽计入主营业务收入，但属于上市公司正常经营之外的收入。,本期,327.62,万元,未标明,答辩评测\annual_reports_final,,
SR-111,6,5.同一控制下企业合并的子公司期初至合并日的收入。,subject=公司；metric=5.同一控制下企业合并的子公司期初至合并日的收入。；period=本期；unit=万元；scope=未标明,5.同一控制下企业合并的子公司期初至合并日的收入。,本期,898.77,万元,未标明,答辩评测\annual_reports_final,,
SR-111,7,与主营业务无关的业务收入小计,subject=公司；metric=与主营业务无关的业务收入小计；period=本期；unit=万元；scope=未标明,与主营业务无关的业务收入小计,本期,1226.39,万元,未标明,答辩评测\annual_reports_final,,
SR-111,8,营业收入,subject=公司；metric=营业收入；period=本期；unit=元；scope=合并,营业收入,本期,342074728.42,元,合并,答辩评测\annual_reports_final,,
SR-111,9,营业收入@上期,subject=公司；metric=营业收入；period=上期；unit=元；scope=合并,营业收入,上期,322912507.33,元,合并,答辩评测\annual_reports_final,,
SR-111,10,营业成本,subject=公司；metric=营业成本；period=本期；unit=元；scope=未标明,营业成本,本期,311929323.41,元,未标明,答辩评测\annual_reports_final,,
SR-111,11,销售费用,subject=公司；metric=销售费用；period=本期；unit=元；scope=未标明,销售费用,本期,10021018.04,元,未标明,答辩评测\annual_reports_final,,
SR-111,12,管理费用,subject=公司；metric=管理费用；period=本期；unit=元；scope=未标明,管理费用,本期,44106980.24,元,未标明,答辩评测\annual_reports_final,,
SR-111,13,财务费用,subject=公司；metric=财务费用；period=本期；unit=元；scope=未标明,财务费用,本期,28805457.39,元,未标明,答辩评测\annual_reports_final,,
SR-111,14,研发费用,subject=公司；metric=研发费用；period=本期；unit=元；scope=未标明,研发费用,本期,5199559.37,元,未标明,答辩评测\annual_reports_final,,
SR-111,15,经营活动产生的现金流量净额,subject=公司；metric=经营活动产生的现金流量净额；period=本期；unit=元；scope=未标明,经营活动产生的现金流量净额,本期,54205277.8,元,未标明,答辩评测\annual_reports_final,,
SR-112,1,营业收入,subject=公司；metric=营业收入；period=本期；unit=元；scope=合并,营业收入,本期,9603312018.03,元,合并,答辩评测\annual_reports_final,,
SR-112,2,营业收入@上期,subject=公司；metric=营业收入；period=上期；unit=元；scope=合并,营业收入,上期,8255680918.7,元,合并,答辩评测\annual_reports_final,,
SR-112,3,扣除与主营业务无关的业务收入和不具备商业实质的收入后的营业收入,subject=公司；metric=扣除与主营业务无关的业务收入和不具备商业实质的收入后的营业收入；period=本期；unit=元；scope=未标明,扣除与主营业务无关的业务收入和不具备商业实质的收入后的营业收入,本期,9317329121.42,元,未标明,答辩评测\annual_reports_final,,
SR-112,4,归属于上市公司股东的净利润,subject=公司；metric=归属于上市公司股东的净利润；period=本期；unit=元；scope=未标明,归属于上市公司股东的净利润,本期,-2270149162.12,元,未标明,答辩评测\annual_reports_final,,
SR-112,5,归属于上市公司股东的扣除非经常性损益的净利润,subject=公司；metric=归属于上市公司股东的扣除非经常性损益的净利润；period=本期；unit=元；scope=未标明,归属于上市公司股东的扣除非经常性损益的净利润,本期,-2303726096.57,元,未标明,答辩评测\annual_reports_final,,
SR-112,6,经营活动产生的现金流量净额,subject=公司；metric=经营活动产生的现金流量净额；period=本期；unit=元；scope=合并,经营活动产生的现金流量净额,本期,-893852305.39,元,合并,答辩评测\annual_reports_final,,
SR-112,7,归属于上市公司股东的净资产,subject=公司；metric=归属于上市公司股东的净资产；period=本期；unit=元；scope=未标明,归属于上市公司股东的净资产,本期,532930205.76,元,未标明,答辩评测\annual_reports_final,,
SR-112,8,总资产,subject=公司；metric=总资产；period=本期；unit=元；scope=未标明,总资产,本期,19839995842.79,元,未标明,答辩评测\annual_reports_final,,
SR-112,9,经营活动产生的现金流量净额@9页,subject=公司；metric=经营活动产生的现金流量净额；period=本期；unit=元；scope=未标明,经营活动产生的现金流量净额,本期,-893852305.39,元,未标明,答辩评测\annual_reports_final,,
SR-112,10,营业成本,subject=公司；metric=营业成本；period=本期；unit=元；scope=合并,营业成本,本期,10786509228.01,元,合并,答辩评测\annual_reports_final,,
SR-112,11,销售费用,subject=公司；metric=销售费用；period=本期；unit=元；scope=未标明,销售费用,本期,12357958.46,元,未标明,答辩评测\annual_reports_final,,
SR-112,12,管理费用,subject=公司；metric=管理费用；period=本期；unit=元；scope=未标明,管理费用,本期,134756703.0,元,未标明,答辩评测\annual_reports_final,,
SR-112,13,财务费用,subject=公司；metric=财务费用；period=本期；unit=元；scope=合并,财务费用,本期,510822289.52,元,合并,答辩评测\annual_reports_final,,
SR-112,14,研发费用,subject=公司；metric=研发费用；period=本期；unit=元；scope=未标明,研发费用,本期,19732317.96,元,未标明,答辩评测\annual_reports_final,,
SR-112,15,营业成本@上期,subject=公司；metric=营业成本；period=上期；unit=元；scope=合并,营业成本,上期,7391420604.06,元,合并,答辩评测\annual_reports_final,,
SR-112,16,财务费用@上期,subject=公司；metric=财务费用；period=上期；unit=元；scope=合并,财务费用,上期,488325242.03,元,合并,答辩评测\annual_reports_final,,
SR-112,17,经营活动产生的现金流量净额@5页,subject=公司；metric=经营活动产生的现金流量净额；period=本期；unit=元；scope=未标明,经营活动产生的现金流量净额,本期,-893852305.39,元,未标明,答辩评测\annual_reports_final,,
SR-112,18,投资活动产生的现金流量净额,subject=公司；metric=投资活动产生的现金流量净额；period=本期；unit=元；scope=合并,投资活动产生的现金流量净额,本期,-1037082295.1,元,合并,答辩评测\annual_reports_final,,
SR-113,1,营业收入,subject=公司；metric=营业收入；period=本期；unit=元；scope=合并,营业收入,本期,7579176818.23,元,合并,答辩评测\annual_reports_final,,
SR-113,2,营业收入@上期,subject=公司；metric=营业收入；period=上期；unit=元；scope=合并,营业收入,上期,8112035678.53,元,合并,答辩评测\annual_reports_final,,
SR-113,3,营业成本,subject=公司；metric=营业成本；period=本期；unit=元；scope=未标明,营业成本,本期,6968223829.87,元,未标明,答辩评测\annual_reports_final,,
SR-113,4,销售费用,subject=公司；metric=销售费用；period=本期；unit=元；scope=未标明,销售费用,本期,17546529.56,元,未标明,答辩评测\annual_reports_final,,
SR-113,5,管理费用,subject=公司；metric=管理费用；period=本期；unit=元；scope=未标明,管理费用,本期,57395447.72,元,未标明,答辩评测\annual_reports_final,,
SR-113,6,财务费用,subject=公司；metric=财务费用；period=本期；unit=元；scope=未标明,财务费用,本期,-75756758.71,元,未标明,答辩评测\annual_reports_final,,
SR-113,7,研发费用,subject=公司；metric=研发费用；period=本期；unit=元；scope=未标明,研发费用,本期,255807852.7,元,未标明,答辩评测\annual_reports_final,,
SR-113,8,经营活动产生的现金流量净额,subject=公司；metric=经营活动产生的现金流量净额；period=本期；unit=元；scope=合并,经营活动产生的现金流量净额,本期,486338403.93,元,合并,答辩评测\annual_reports_final,,
SR-113,9,经营活动产生的现金流量净额@上期,subject=公司；metric=经营活动产生的现金流量净额；period=上期；unit=元；scope=合并,经营活动产生的现金流量净额,上期,1372934675.85,元,合并,答辩评测\annual_reports_final,,
SR-114,1,营业收入,subject=公司；metric=营业收入；period=本期；unit=元；scope=合并,营业收入,本期,480533586.06,元,合并,答辩评测\annual_reports_final,,
SR-114,2,营业收入@上期,subject=公司；metric=营业收入；period=上期；unit=元；scope=合并,营业收入,上期,425356486.3,元,合并,答辩评测\annual_reports_final,,
SR-114,3,扣除与主营业务无关的业务收入和不具备商业实质的收入后的营业收入,subject=公司；metric=扣除与主营业务无关的业务收入和不具备商业实质的收入后的营业收入；period=本期；unit=元；scope=未标明,扣除与主营业务无关的业务收入和不具备商业实质的收入后的营业收入,本期,480533586.06,元,未标明,答辩评测\annual_reports_final,,
SR-114,4,归属于上市公司股东的净利润,subject=公司；metric=归属于上市公司股东的净利润；period=本期；unit=元；scope=未标明,归属于上市公司股东的净利润,本期,-15664393.2,元,未标明,答辩评测\annual_reports_final,,
SR-114,5,归属于上市公司股东的扣除非经常性损益的净利润,subject=公司；metric=归属于上市公司股东的扣除非经常性损益的净利润；period=本期；unit=元；scope=合并,归属于上市公司股东的扣除非经常性损益的净利润,本期,-31111206.66,元,合并,答辩评测\annual_reports_final,,
SR-114,6,经营活动产生的现金流量净额,subject=公司；metric=经营活动产生的现金流量净额；period=本期；unit=元；scope=未标明,经营活动产生的现金流量净额,本期,-68337733.37,元,未标明,答辩评测\annual_reports_final,,
SR-114,7,归属于上市公司股东的净资产,subject=公司；metric=归属于上市公司股东的净资产；period=本期；unit=元；scope=未标明,归属于上市公司股东的净资产,本期,857897040.04,元,未标明,答辩评测\annual_reports_final,,
SR-114,8,总资产,subject=公司；metric=总资产；period=本期；unit=元；scope=未标明,总资产,本期,988155339.48,元,未标明,答辩评测\annual_reports_final,,
SR-114,9,营业收入@32页,subject=公司；metric=营业收入；period=本期；unit=元；scope=未标明,营业收入,本期,480533586.06,元,未标明,答辩评测\annual_reports_final,,
SR-114,10,归属于上市公司股东的扣除非经常性损益的净利润@上期,subject=公司；metric=归属于上市公司股东的扣除非经常性损益的净利润；period=上期；unit=元；scope=合并,归属于上市公司股东的扣除非经常性损益的净利润,上期,-15076781.21,元,合并,答辩评测\annual_reports_final,,
SR-114,11,营业成本,subject=公司；metric=营业成本；period=本期；unit=元；scope=未标明,营业成本,本期,250128280.77,元,未标明,答辩评测\annual_reports_final,,
SR-114,12,销售费用,subject=公司；metric=销售费用；period=本期；unit=元；scope=合并,销售费用,本期,138649072.56,元,合并,答辩评测\annual_reports_final,,
SR-114,13,管理费用,subject=公司；metric=管理费用；period=本期；unit=元；scope=未标明,管理费用,本期,31449684.46,元,未标明,答辩评测\annual_reports_final,,
SR-114,14,财务费用,subject=公司；metric=财务费用；period=本期；unit=元；scope=未标明,财务费用,本期,-3375600.81,元,未标明,答辩评测\annual_reports_final,,
SR-114,15,研发费用,subject=公司；metric=研发费用；period=本期；unit=元；scope=合并,研发费用,本期,105659677.21,元,合并,答辩评测\annual_reports_final,,
SR-114,16,营业收入@8页,subject=公司；metric=营业收入；period=本期；unit=元；scope=未标明,营业收入,本期,480533586.06,元,未标明,答辩评测\annual_reports_final,,
SR-114,17,销售费用@上期,subject=公司；metric=销售费用；period=上期；unit=元；scope=合并,销售费用,上期,113170721.38,元,合并,答辩评测\annual_reports_final,,
SR-114,18,研发费用@上期,subject=公司；metric=研发费用；period=上期；unit=元；scope=合并,研发费用,上期,85700934.63,元,合并,答辩评测\annual_reports_final,,
SR-114,19,研发费用@37页,subject=公司；metric=研发费用；period=本期；unit=元；scope=未标明,研发费用,本期,105659677.21,元,未标明,答辩评测\annual_reports_final,,
SR-114,20,投资活动产生的现金流量净额,subject=公司；metric=投资活动产生的现金流量净额；period=本期；unit=元；scope=未标明,投资活动产生的现金流量净额,本期,-3449972.32,元,未标明,答辩评测\annual_reports_final,,
SR-114,21,筹资活动产生的现金流量净额,subject=公司；metric=筹资活动产生的现金流量净额；period=本期；unit=元；scope=未标明,筹资活动产生的现金流量净额,本期,-5115041.56,元,未标明,答辩评测\annual_reports_final,,
SR-114,22,研发费用@32页,subject=公司；metric=研发费用；period=本期；unit=元；scope=未标明,研发费用,本期,105659677.21,元,未标明,答辩评测\annual_reports_final,,
SR-115,1,营业收入,subject=公司；metric=营业收入；period=本期；unit=元；scope=合并,营业收入,本期,19064056209.04,元,合并,答辩评测\annual_reports_final,,
SR-115,2,营业收入@上期,subject=公司；metric=营业收入；period=上期；unit=元；scope=合并,营业收入,上期,21605254989.12,元,合并,答辩评测\annual_reports_final,,
SR-115,3,归属于上市公司股东的净利润,subject=公司；metric=归属于上市公司股东的净利润；period=本期；unit=元；scope=未标明,归属于上市公司股东的净利润,本期,534827894.69,元,未标明,答辩评测\annual_reports_final,,
SR-115,4,归属于上市公司股东的扣除非经常性损益的净利润,subject=公司；metric=归属于上市公司股东的扣除非经常性损益的净利润；period=本期；unit=元；scope=未标明,归属于上市公司股东的扣除非经常性损益的净利润,本期,479750708.63,元,未标明,答辩评测\annual_reports_final,,
SR-115,5,经营活动产生的现金流量净额,subject=公司；metric=经营活动产生的现金流量净额；period=本期；unit=元；scope=未标明,经营活动产生的现金流量净额,本期,1132785474.49,元,未标明,答辩评测\annual_reports_final,,
SR-115,6,归属于上市公司股东的净资产,subject=公司；metric=归属于上市公司股东的净资产；period=本期；unit=元；scope=未标明,归属于上市公司股东的净资产,本期,6549115894.36,元,未标明,答辩评测\annual_reports_final,,
SR-115,7,总资产,subject=公司；metric=总资产；period=本期；unit=元；scope=合并,总资产,本期,20239346472.95,元,合并,答辩评测\annual_reports_final,,
SR-115,8,基本每股收益（元／股）,subject=公司；metric=基本每股收益（元／股）；period=本期；unit=元；scope=未标明,基本每股收益（元／股）,本期,0.61,元,未标明,答辩评测\annual_reports_final,,
SR-115,9,总资产@上期,subject=公司；metric=总资产；period=上期；unit=元；scope=合并,总资产,上期,21954060892.02,元,合并,答辩评测\annual_reports_final,,
SR-116,1,营业收入,subject=公司；metric=营业收入；period=本期；unit=元；scope=母公司,营业收入,本期,6528040616.43,元,母公司,答辩评测\annual_reports_final,,
SR-116,2,营业收入@上期,subject=公司；metric=营业收入；period=上期；unit=元；scope=母公司,营业收入,上期,4952243604.81,元,母公司,答辩评测\annual_reports_final,,
SR-116,3,归属于母公司股东的净利润,subject=公司；metric=归属于母公司股东的净利润；period=本期；unit=元；scope=母公司,归属于母公司股东的净利润,本期,2291596618.3,元,母公司,答辩评测\annual_reports_final,,
SR-116,4,归属于母公司股东的扣除非经常性损益的净利润,subject=公司；metric=归属于母公司股东的扣除非经常性损益的净利润；period=本期；unit=元；scope=未标明,归属于母公司股东的扣除非经常性损益的净利润,本期,2302327862.59,元,未标明,答辩评测\annual_reports_final,,
SR-116,5,经营活动产生的现金流量净额,subject=公司；metric=经营活动产生的现金流量净额；period=本期；unit=元；scope=母公司,经营活动产生的现金流量净额,本期,-4188642382.36,元,母公司,答辩评测\annual_reports_final,,
SR-116,6,其他综合收益,subject=公司；metric=其他综合收益；period=本期；unit=元；scope=未标明,其他综合收益,本期,-49026149.08,元,未标明,答辩评测\annual_reports_final,,
SR-116,7,资产总额,subject=公司；metric=资产总额；period=本期；unit=元；scope=母公司,资产总额,本期,96658845911.3,元,母公司,答辩评测\annual_reports_final,,
SR-116,8,负债总额,subject=公司；metric=负债总额；period=本期；unit=元；scope=母公司,负债总额,本期,73201841046.6,元,母公司,答辩评测\annual_reports_final,,
SR-116,9,营业收入@40页,subject=公司；metric=营业收入；period=本期；unit=元；scope=未标明,营业收入,本期,6528040616.43,元,未标明,答辩评测\annual_reports_final,,
SR-116,10,归属于母公司股东的净利润@上期,subject=公司；metric=归属于母公司股东的净利润；period=上期；unit=元；scope=母公司,归属于母公司股东的净利润,上期,1873062523.33,元,母公司,答辩评测\annual_reports_final,,
SR-116,11,经营活动产生的现金流量净额@40页,subject=公司；metric=经营活动产生的现金流量净额；period=本期；unit=元；scope=未标明,经营活动产生的现金流量净额,本期,-4188642382.36,元,未标明,答辩评测\annual_reports_final,,
SR-116,12,资产总额@上期,subject=公司；metric=资产总额；period=上期；unit=元；scope=母公司,资产总额,上期,64992113227.17,元,母公司,答辩评测\annual_reports_final,,
SR-116,13,负债总额@上期,subject=公司；metric=负债总额；period=上期；unit=元；scope=母公司,负债总额,上期,43643711512.9,元,母公司,答辩评测\annual_reports_final,,
SR-116,14,归属于母公司股东的权益,subject=公司；metric=归属于母公司股东的权益；period=本期；unit=元；scope=母公司,归属于母公司股东的权益,本期,23447794571.04,元,母公司,答辩评测\annual_reports_final,,
SR-116,15,归属于母公司股东的权益@上期,subject=公司；metric=归属于母公司股东的权益；period=上期；unit=元；scope=母公司,归属于母公司股东的权益,上期,21339452695.47,元,母公司,答辩评测\annual_reports_final,,
SR-116,16,营业成本,subject=公司；metric=营业成本；period=本期；unit=元；scope=母公司,营业成本,本期,3728571220.76,元,母公司,答辩评测\annual_reports_final,,
SR-116,17,投资活动产生的现金流量净额,subject=公司；metric=投资活动产生的现金流量净额；period=本期；unit=元；scope=母公司,投资活动产生的现金流量净额,本期,-632167517.5,元,母公司,答辩评测\annual_reports_final,,
SR-116,18,筹资活动产生的现金流量净额,subject=公司；metric=筹资活动产生的现金流量净额；period=本期；unit=元；scope=母公司,筹资活动产生的现金流量净额,本期,13682159858.32,元,母公司,答辩评测\annual_reports_final,,
SR-116,19,研发支出,subject=公司；metric=研发支出；period=本期；unit=元；scope=未标明,研发支出,本期,48949863.48,元,未标明,答辩评测\annual_reports_final,,
SR-116,20,营业收入@21页,subject=公司；metric=营业收入；period=本期；unit=元；scope=未标明,营业收入,本期,6528040616.43,元,未标明,答辩评测\annual_reports_final,,
SR-116,21,营业成本@上期,subject=公司；metric=营业成本；period=上期；unit=元；scope=母公司,营业成本,上期,2718781683.53,元,母公司,答辩评测\annual_reports_final,,
SR-116,22,经营活动产生的现金流量净额@21页,subject=公司；metric=经营活动产生的现金流量净额；period=本期；unit=元；scope=未标明,经营活动产生的现金流量净额,本期,-4188642382.36,元,未标明,答辩评测\annual_reports_final,,
SR-117,1,营业收入（元）,subject=公司；metric=营业收入（元）；period=本期；unit=元；scope=母公司,营业收入（元）,本期,68488019867.08,元,母公司,答辩评测\annual_reports_final,,
SR-117,2,营业收入（元）@上期,subject=公司；metric=营业收入（元）；period=上期；unit=元；scope=母公司,营业收入（元）,上期,59036308075.82,元,母公司,答辩评测\annual_reports_final,,
SR-117,3,营业收入扣除金额（元）,subject=公司；metric=营业收入扣除金额（元）；period=本期；unit=元；scope=未标明,营业收入扣除金额（元）,本期,85414697.55,元,未标明,答辩评测\annual_reports_final,,
SR-117,4,营业收入扣除后金额（元）,subject=公司；metric=营业收入扣除后金额（元）；period=本期；unit=元；scope=未标明,营业收入扣除后金额（元）,本期,68402605169.53,元,未标明,答辩评测\annual_reports_final,,
SR-117,5,非流动性资产处置损益,subject=公司；metric=非流动性资产处置损益；period=本期；unit=元；scope=未标明,非流动性资产处置损益,本期,-499674822.81,元,未标明,答辩评测\annual_reports_final,,
SR-117,6,计入当期损益的政府补助（与公司正常经营业务密切相关，符合国家政策规定、按照一定标准定额或定量持续享受的政府补助除外）,subject=公司；metric=计入当期损益的政府补助（与公司正常经营业务密切相关，符合国家政策规定、按照一定标准定额或定量持续享受的政府补助除外）；period=本期；unit=元；scope=未标明,计入当期损益的政府补助（与公司正常经营业务密切相关，符合国家政策规定、按照一定标准定额或定量持续享受的政府补助除外）,本期,13227976.88,元,未标明,答辩评测\annual_reports_final,,
SR-117,7,委托他人投资或管理资产的损益(理财产品收益等）,subject=公司；metric=委托他人投资或管理资产的损益(理财产品收益等）；period=本期；unit=元；scope=未标明,委托他人投资或管理资产的损益(理财产品收益等）,本期,36019.0,元,未标明,答辩评测\annual_reports_final,,
SR-117,8,除同公司正常经营业务相关的有效套期保值业务外，持有交易性金融资产、衍生金融资产、交易性金融负债、衍生金融负债产生的公允价值变动损益，以及处置交易性金融资产、衍生金融资产、交易性金融负债、衍生金融负债和其他债权投资取得的投资收益,subject=公司；metric=除同公司正常经营业务相关的有效套期保值业务外，持有交易性金融资产、衍生金融资产、交易性金融负债、衍生金融负债产生的公允价值变动损益，以及处置交易性金融资产、衍生金融资产、交易性金融负债、衍生金融负债和其他债权投资取得的投资收益；period=本期；unit=元；scope=未标明,除同公司正常经营业务相关的有效套期保值业务外，持有交易性金融资产、衍生金融资产、交易性金融负债、衍生金融负债产生的公允价值变动损益，以及处置交易性金融资产、衍生金融资产、交易性金融负债、衍生金融负债和其他债权投资取得的投资收益,本期,376157083.93,元,未标明,答辩评测\annual_reports_final,,
SR-117,9,经营活动产生的现金流量净额,subject=公司；metric=经营活动产生的现金流量净额；period=本期；unit=元；scope=合并,经营活动产生的现金流量净额,本期,127132640.5,元,合并,答辩评测\annual_reports_final,,
SR-117,10,销售费用（元）,subject=公司；metric=销售费用（元）；period=本期；unit=元；scope=未标明,销售费用（元）,本期,1636669114.41,元,未标明,答辩评测\annual_reports_final,,
SR-117,11,管理费用（元）,subject=公司；metric=管理费用（元）；period=本期；unit=元；scope=未标明,管理费用（元）,本期,1967776673.31,元,未标明,答辩评测\annual_reports_final,,
SR-117,12,财务费用（元）,subject=公司；metric=财务费用（元）；period=本期；unit=元；scope=未标明,财务费用（元）,本期,1835685499.16,元,未标明,答辩评测\annual_reports_final,,
SR-117,13,经营活动现金流入小计,subject=公司；metric=经营活动现金流入小计；period=本期；unit=元；scope=未标明,经营活动现金流入小计,本期,23332460021.7,元,未标明,答辩评测\annual_reports_final,,
SR-117,14,经营活动现金流出小计,subject=公司；metric=经营活动现金流出小计；period=本期；unit=元；scope=未标明,经营活动现金流出小计,本期,23205327381.2,元,未标明,答辩评测\annual_reports_final,,
SR-117,15,投资活动现金流入小计,subject=公司；metric=投资活动现金流入小计；period=本期；unit=元；scope=未标明,投资活动现金流入小计,本期,513715990.07,元,未标明,答辩评测\annual_reports_final,,
SR-118,1,其他,subject=公司；metric=其他；period=本期；unit=；scope=分部,其他,本期,9069.1,,分部,答辩评测\annual_reports_final,,
SR-118,2,其他@上期,subject=公司；metric=其他；period=上期；unit=；scope=分部,其他,上期,5843.3,,分部,答辩评测\annual_reports_final,,
SR-118,3,兽用化学药品,subject=公司；metric=兽用化学药品；period=本期；unit=；scope=未标明,兽用化学药品,本期,72632.32,,未标明,答辩评测\annual_reports_final,,
SR-118,4,兽用生物制品,subject=公司；metric=兽用生物制品；period=本期；unit=；scope=未标明,兽用生物制品,本期,8469.0,,未标明,答辩评测\annual_reports_final,,
SR-118,5,药物饲料添加剂,subject=公司；metric=药物饲料添加剂；period=本期；unit=；scope=未标明,药物饲料添加剂,本期,2660.44,,未标明,答辩评测\annual_reports_final,,
SR-118,6,环保业务,subject=公司；metric=环保业务；period=本期；unit=；scope=未标明,环保业务,本期,8352.59,,未标明,答辩评测\annual_reports_final,,
SR-118,7,农产品加工业,subject=公司；metric=农产品加工业；period=本期；unit=；scope=未标明,农产品加工业,本期,64248.88,,未标明,答辩评测\annual_reports_final,,
SR-119,1,营业收入,subject=公司；metric=营业收入；period=本期；unit=元；scope=分部,营业收入,本期,2878933990.87,元,分部,答辩评测\annual_reports_final,,
SR-119,2,营业收入@上期,subject=公司；metric=营业收入；period=上期；unit=元；scope=分部,营业收入,上期,2436879126.36,元,分部,答辩评测\annual_reports_final,,
SR-119,3,营业成本,subject=公司；metric=营业成本；period=本期；unit=元；scope=未标明,营业成本,本期,2116270462.0,元,未标明,答辩评测\annual_reports_final,,
SR-119,4,销售费用,subject=公司；metric=销售费用；period=本期；unit=元；scope=未标明,销售费用,本期,304580550.68,元,未标明,答辩评测\annual_reports_final,,
SR-119,5,管理费用,subject=公司；metric=管理费用；period=本期；unit=元；scope=未标明,管理费用,本期,146530275.03,元,未标明,答辩评测\annual_reports_final,,
SR-119,6,财务费用,subject=公司；metric=财务费用；period=本期；unit=元；scope=未标明,财务费用,本期,-14146837.33,元,未标明,答辩评测\annual_reports_final,,
SR-119,7,研发费用,subject=公司；metric=研发费用；period=本期；unit=元；scope=未标明,研发费用,本期,152347003.95,元,未标明,答辩评测\annual_reports_final,,
SR-119,8,经营活动产生的现金流量净额,subject=公司；metric=经营活动产生的现金流量净额；period=本期；unit=元；scope=未标明,经营活动产生的现金流量净额,本期,480208936.09,元,未标明,答辩评测\annual_reports_final,,
SR-120,1,营业收入,subject=公司；metric=营业收入；period=本期；unit=元；scope=合并,营业收入,本期,6037020433.37,元,合并,答辩评测\annual_reports_final,,
SR-120,2,营业收入@上期,subject=公司；metric=营业收入；period=上期；unit=元；scope=合并,营业收入,上期,5457541664.64,元,合并,答辩评测\annual_reports_final,,
SR-120,3,营业成本,subject=公司；metric=营业成本；period=本期；unit=元；scope=未标明,营业成本,本期,5659373161.8,元,未标明,答辩评测\annual_reports_final,,
SR-121,1,营业收入,subject=公司；metric=营业收入；period=本期；unit=元；scope=合并,营业收入,本期,4768139382.5,元,合并,答辩评测\annual_reports_final,,
SR-121,2,营业收入@上期,subject=公司；metric=营业收入；period=上期；unit=元；scope=合并,营业收入,上期,6913588071.53,元,合并,答辩评测\annual_reports_final,,
SR-121,3,扣除与主营业务无关的业务收入和不具备商业实质的收入后的营业收入,subject=公司；metric=扣除与主营业务无关的业务收入和不具备商业实质的收入后的营业收入；period=本期；unit=元；scope=未标明,扣除与主营业务无关的业务收入和不具备商业实质的收入后的营业收入,本期,4764434081.8,元,未标明,答辩评测\annual_reports_final,,
SR-121,4,归属于上市公司股东的净利润,subject=公司；metric=归属于上市公司股东的净利润；period=本期；unit=元；scope=未标明,归属于上市公司股东的净利润,本期,-134388981.92,元,未标明,答辩评测\annual_reports_final,,
SR-121,5,归属于上市公司股东的扣除非经常性损益的净利润,subject=公司；metric=归属于上市公司股东的扣除非经常性损益的净利润；period=本期；unit=元；scope=未标明,归属于上市公司股东的扣除非经常性损益的净利润,本期,-135456150.46,元,未标明,答辩评测\annual_reports_final,,
SR-121,6,经营活动产生的现金流量净额,subject=公司；metric=经营活动产生的现金流量净额；period=本期；unit=元；scope=未标明,经营活动产生的现金流量净额,本期,-1059824502.61,元,未标明,答辩评测\annual_reports_final,,
SR-121,7,营业收入@11页,subject=公司；metric=营业收入；period=本期；unit=元；scope=未标明,营业收入,本期,4768139382.5,元,未标明,答辩评测\annual_reports_final,,
SR-121,8,营业成本,subject=公司；metric=营业成本；period=本期；unit=元；scope=分部,营业成本,本期,4034511922.69,元,分部,答辩评测\annual_reports_final,,
SR-121,9,税金及附加,subject=公司；metric=税金及附加；period=本期；unit=元；scope=未标明,税金及附加,本期,233259087.42,元,未标明,答辩评测\annual_reports_final,,
SR-121,10,财务费用,subject=公司；metric=财务费用；period=本期；unit=元；scope=未标明,财务费用,本期,128879510.46,元,未标明,答辩评测\annual_reports_final,,
SR-121,11,投资收益,subject=公司；metric=投资收益；period=本期；unit=元；scope=未标明,投资收益,本期,-22470930.09,元,未标明,答辩评测\annual_reports_final,,
SR-121,12,公允价值变动收益,subject=公司；metric=公允价值变动收益；period=本期；unit=元；scope=未标明,公允价值变动收益,本期,-8537586.19,元,未标明,答辩评测\annual_reports_final,,
SR-121,13,信用减值损失,subject=公司；metric=信用减值损失；period=本期；unit=元；scope=未标明,信用减值损失,本期,-1364621.89,元,未标明,答辩评测\annual_reports_final,,
SR-121,14,营业收入@5页,subject=公司；metric=营业收入；period=本期；unit=元；scope=未标明,营业收入,本期,4768139382.5,元,未标明,答辩评测\annual_reports_final,,
SR-121,15,营业成本@上期,subject=公司；metric=营业成本；period=上期；unit=元；scope=分部,营业成本,上期,5682959185.13,元,分部,答辩评测\annual_reports_final,,
SR-121,16,货币资金,subject=公司；metric=货币资金；period=本期；unit=元；scope=合并,货币资金,本期,2708240453.26,元,合并,答辩评测\annual_reports_final,,
SR-121,17,应收账款,subject=公司；metric=应收账款；period=本期；unit=元；scope=未标明,应收账款,本期,116812057.72,元,未标明,答辩评测\annual_reports_final,,
SR-121,18,预付款项,subject=公司；metric=预付款项；period=本期；unit=元；scope=未标明,预付款项,本期,24901499.69,元,未标明,答辩评测\annual_reports_final,,
SR-121,19,其他应收款,subject=公司；metric=其他应收款；period=本期；unit=元；scope=未标明,其他应收款,本期,533516841.36,元,未标明,答辩评测\annual_reports_final,,
SR-121,20,其他流动资产,subject=公司；metric=其他流动资产；period=本期；unit=元；scope=未标明,其他流动资产,本期,401890629.69,元,未标明,答辩评测\annual_reports_final,,
SR-121,21,发放贷款及垫款,subject=公司；metric=发放贷款及垫款；period=本期；unit=元；scope=未标明,发放贷款及垫款,本期,34413453.18,元,未标明,答辩评测\annual_reports_final,,
SR-121,22,应交税费,subject=公司；metric=应交税费；period=本期；unit=元；scope=未标明,应交税费,本期,77605917.7,元,未标明,答辩评测\annual_reports_final,,
SR-122,1,营业收入,subject=公司；metric=营业收入；period=本期；unit=元；scope=分部,营业收入,本期,20811040684.95,元,分部,答辩评测\annual_reports_final,,
SR-122,2,营业收入@上期,subject=公司；metric=营业收入；period=上期；unit=元；scope=分部,营业收入,上期,24600015833.0,元,分部,答辩评测\annual_reports_final,,
SR-122,3,营业成本,subject=公司；metric=营业成本；period=本期；unit=元；scope=未标明,营业成本,本期,18422075400.37,元,未标明,答辩评测\annual_reports_final,,
SR-122,4,销售费用,subject=公司；metric=销售费用；period=本期；unit=元；scope=未标明,销售费用,本期,201173729.17,元,未标明,答辩评测\annual_reports_final,,
SR-122,5,管理费用,subject=公司；metric=管理费用；period=本期；unit=元；scope=未标明,管理费用,本期,864719651.83,元,未标明,答辩评测\annual_reports_final,,
SR-122,6,财务费用,subject=公司；metric=财务费用；period=本期；unit=元；scope=未标明,财务费用,本期,331730929.41,元,未标明,答辩评测\annual_reports_final,,
SR-122,7,研发投入,subject=公司；metric=研发投入；period=本期；unit=元；scope=未标明,研发投入,本期,121887083.88,元,未标明,答辩评测\annual_reports_final,,
SR-122,8,所得税费用,subject=公司；metric=所得税费用；period=本期；unit=元；scope=未标明,所得税费用,本期,225857257.46,元,未标明,答辩评测\annual_reports_final,,
SR-123,1,营业收入,subject=公司；metric=营业收入；period=本期；unit=元；scope=合并,营业收入,本期,1301955874.4,元,合并,答辩评测\annual_reports_final,,
SR-123,2,归属于上市公司股东的净利润,subject=公司；metric=归属于上市公司股东的净利润；period=本期；unit=元；scope=合并,归属于上市公司股东的净利润,本期,73194678.84,元,合并,答辩评测\annual_reports_final,,
SR-123,3,归属于上市公司股东的扣除非经常性损益的净利润,subject=公司；metric=归属于上市公司股东的扣除非经常性损益的净利润；period=本期；unit=元；scope=未标明,归属于上市公司股东的扣除非经常性损益的净利润,本期,51843891.67,元,未标明,答辩评测\annual_reports_final,,
SR-123,4,经营活动产生的现金流量净额,subject=公司；metric=经营活动产生的现金流量净额；period=本期；unit=元；scope=未标明,经营活动产生的现金流量净额,本期,75007031.13,元,未标明,答辩评测\annual_reports_final,,
SR-123,5,归属于上市公司股东的净资产,subject=公司；metric=归属于上市公司股东的净资产；period=本期；unit=元；scope=合并,归属于上市公司股东的净资产,本期,835451790.37,元,合并,答辩评测\annual_reports_final,,
SR-123,6,总资产,subject=公司；metric=总资产；period=本期；unit=元；scope=合并,总资产,本期,2112810074.45,元,合并,答辩评测\annual_reports_final,,
SR-123,7,基本每股收益（元／股）,subject=公司；metric=基本每股收益（元／股）；period=本期；unit=%；scope=未标明,基本每股收益（元／股）,本期,0.27,%,未标明,答辩评测\annual_reports_final,,
SR-123,8,营业收入@17页,subject=公司；metric=营业收入；period=本期；unit=元；scope=未标明,营业收入,本期,1301955874.4,元,未标明,答辩评测\annual_reports_final,,
SR-123,9,归属于上市公司股东的净资产@上期,subject=公司；metric=归属于上市公司股东的净资产；period=上期；unit=元；scope=合并,归属于上市公司股东的净资产,上期,766934916.39,元,合并,答辩评测\annual_reports_final,,
SR-123,10,总资产@上期,subject=公司；metric=总资产；period=上期；unit=元；scope=合并,总资产,上期,1910833283.78,元,合并,答辩评测\annual_reports_final,,
SR-123,11,营业成本,subject=公司；metric=营业成本；period=本期；unit=元；scope=未标明,营业成本,本期,1095704536.66,元,未标明,答辩评测\annual_reports_final,,
SR-123,12,销售费用,subject=公司；metric=销售费用；period=本期；unit=元；scope=未标明,销售费用,本期,23686164.71,元,未标明,答辩评测\annual_reports_final,,
SR-123,13,管理费用,subject=公司；metric=管理费用；period=本期；unit=元；scope=未标明,管理费用,本期,46104941.61,元,未标明,答辩评测\annual_reports_final,,
SR-123,14,研发费用,subject=公司；metric=研发费用；period=本期；unit=元；scope=未标明,研发费用,本期,25464364.64,元,未标明,答辩评测\annual_reports_final,,
SR-123,15,财务费用,subject=公司；metric=财务费用；period=本期；unit=元；scope=未标明,财务费用,本期,21487179.73,元,未标明,答辩评测\annual_reports_final,,
SR-123,16,营业收入@6页,subject=公司；metric=营业收入；period=本期；unit=元；scope=未标明,营业收入,本期,1301955874.4,元,未标明,答辩评测\annual_reports_final,,
SR-124,1,营业收入,subject=公司；metric=营业收入；period=本期；unit=万元；scope=合并,营业收入,本期,551490.04,万元,合并,答辩评测\annual_reports_final,,
SR-124,2,营业收入@上期,subject=公司；metric=营业收入；period=上期；unit=万元；scope=合并,营业收入,上期,103650.29,万元,合并,答辩评测\annual_reports_final,,
SR-124,3,归属于上市公司股东的净利润,subject=公司；metric=归属于上市公司股东的净利润；period=本期；unit=万元；scope=合并,归属于上市公司股东的净利润,本期,41257.92,万元,合并,答辩评测\annual_reports_final,,
SR-124,4,归属于上市公司股东的扣除非经常性损益的净利润,subject=公司；metric=归属于上市公司股东的扣除非经常性损益的净利润；period=本期；unit=万元；scope=未标明,归属于上市公司股东的扣除非经常性损益的净利润,本期,40299.69,万元,未标明,答辩评测\annual_reports_final,,
SR-124,5,经营活动产生的现金流量净额,subject=公司；metric=经营活动产生的现金流量净额；period=本期；unit=万元；scope=未标明,经营活动产生的现金流量净额,本期,9581.38,万元,未标明,答辩评测\annual_reports_final,,
SR-124,6,归属于上市公司股东的净资产,subject=公司；metric=归属于上市公司股东的净资产；period=本期；unit=万元；scope=未标明,归属于上市公司股东的净资产,本期,292741.92,万元,未标明,答辩评测\annual_reports_final,,
SR-124,7,总资产,subject=公司；metric=总资产；period=本期；unit=万元；scope=合并,总资产,本期,695218.61,万元,合并,答辩评测\annual_reports_final,,
SR-124,8,基本每股收益（元／股）,subject=公司；metric=基本每股收益（元／股）；period=本期；unit=%；scope=未标明,基本每股收益（元／股）,本期,1.12,%,未标明,答辩评测\annual_reports_final,,
SR-124,9,总资产@上期,subject=公司；metric=总资产；period=上期；unit=万元；scope=合并,总资产,上期,425605.71,万元,合并,答辩评测\annual_reports_final,,
SR-124,10,营业成本,subject=公司；metric=营业成本；period=本期；unit=万元；scope=未标明,营业成本,本期,471023.72,万元,未标明,答辩评测\annual_reports_final,,
SR-124,11,销售费用,subject=公司；metric=销售费用；period=本期；unit=万元；scope=未标明,销售费用,本期,1795.43,万元,未标明,答辩评测\annual_reports_final,,
SR-124,12,管理费用,subject=公司；metric=管理费用；period=本期；unit=万元；scope=未标明,管理费用,本期,7043.37,万元,未标明,答辩评测\annual_reports_final,,
SR-124,13,财务费用,subject=公司；metric=财务费用；period=本期；unit=万元；scope=未标明,财务费用,本期,7787.12,万元,未标明,答辩评测\annual_reports_final,,
SR-124,14,研发费用,subject=公司；metric=研发费用；period=本期；unit=万元；scope=合并,研发费用,本期,14943.54,万元,合并,答辩评测\annual_reports_final,,
SR-124,15,研发费用@上期,subject=公司；metric=研发费用；period=上期；unit=万元；scope=合并,研发费用,上期,6496.1,万元,合并,答辩评测\annual_reports_final,,
SR-124,16,研发费用@28页,subject=公司；metric=研发费用；period=本期；unit=万元；scope=未标明,研发费用,本期,14943.54,万元,未标明,答辩评测\annual_reports_final,,
SR-124,17,货币资金,subject=公司；metric=货币资金；period=本期；unit=万元；scope=合并,货币资金,本期,147099.13,万元,合并,答辩评测\annual_reports_final,,
SR-124,18,应收账款,subject=公司；metric=应收账款；period=本期；unit=万元；scope=未标明,应收账款,本期,96467.24,万元,未标明,答辩评测\annual_reports_final,,
SR-124,19,应收款项融资,subject=公司；metric=应收款项融资；period=本期；unit=万元；scope=合并,应收款项融资,本期,63851.08,万元,合并,答辩评测\annual_reports_final,,
SR-124,20,存货,subject=公司；metric=存货；period=本期；unit=万元；scope=合并,存货,本期,151982.07,万元,合并,答辩评测\annual_reports_final,,
SR-124,21,固定资产,subject=公司；metric=固定资产；period=本期；unit=万元；scope=合并,固定资产,本期,176712.96,万元,合并,答辩评测\annual_reports_final,,
SR-124,22,短期借款,subject=公司；metric=短期借款；period=本期；unit=万元；scope=未标明,短期借款,本期,52080.26,万元,未标明,答辩评测\annual_reports_final,,
SR-124,23,应付票据,subject=公司；metric=应付票据；period=本期；unit=万元；scope=未标明,应付票据,本期,27114.34,万元,未标明,答辩评测\annual_reports_final,,
SR-124,24,应收款项融资@11页,subject=公司；metric=应收款项融资；period=本期；unit=元；scope=未标明,应收款项融资,本期,638510760.13,元,未标明,答辩评测\annual_reports_final,,
SR-124,25,应付账款,subject=公司；metric=应付账款；period=本期；unit=万元；scope=合并,应付账款,本期,128176.79,万元,合并,答辩评测\annual_reports_final,,
SR-125,1,营业收入（元）,subject=公司；metric=营业收入（元）；period=本期；unit=元；scope=合并,营业收入（元）,本期,2803309287.65,元,合并,答辩评测\annual_reports_final,,
SR-125,2,营业收入（元）@上期,subject=公司；metric=营业收入（元）；period=上期；unit=元；scope=合并,营业收入（元）,上期,2300659706.62,元,合并,答辩评测\annual_reports_final,,
SR-125,3,基本每股收益（元/股）,subject=公司；metric=基本每股收益（元/股）；period=本期；unit=元；scope=未标明,基本每股收益（元/股）,本期,1.13,元,未标明,答辩评测\annual_reports_final,,
SR-125,4,稀释每股收益（元/股）,subject=公司；metric=稀释每股收益（元/股）；period=本期；unit=元；scope=未标明,稀释每股收益（元/股）,本期,1.13,元,未标明,答辩评测\annual_reports_final,,
SR-125,5,加权平均净资产收益率,subject=公司；metric=加权平均净资产收益率；period=本期；unit=元；scope=未标明,加权平均净资产收益率,本期,23.65,元,未标明,答辩评测\annual_reports_final,,
SR-125,6,资产总额（元）,subject=公司；metric=资产总额（元）；period=本期；unit=元；scope=未标明,资产总额（元）,本期,7532651176.52,元,未标明,答辩评测\annual_reports_final,,
SR-126,1,营业收入,subject=公司；metric=营业收入；period=本期；unit=元；scope=合并,营业收入,本期,517541996.31,元,合并,答辩评测\annual_reports_final,,
SR-126,2,营业收入@上期,subject=公司；metric=营业收入；period=上期；unit=元；scope=合并,营业收入,上期,585439268.87,元,合并,答辩评测\annual_reports_final,,
SR-126,3,归属于上市公司股东的净利润,subject=公司；metric=归属于上市公司股东的净利润；period=本期；unit=元；scope=合并,归属于上市公司股东的净利润,本期,97236845.34,元,合并,答辩评测\annual_reports_final,,
SR-126,4,归属于上市公司股东的扣除非经常性损益的净利润,subject=公司；metric=归属于上市公司股东的扣除非经常性损益的净利润；period=本期；unit=元；scope=未标明,归属于上市公司股东的扣除非经常性损益的净利润,本期,80056908.03,元,未标明,答辩评测\annual_reports_final,,
SR-126,5,经营活动产生的现金流量净额,subject=公司；metric=经营活动产生的现金流量净额；period=本期；unit=元；scope=合并,经营活动产生的现金流量净额,本期,49952509.47,元,合并,答辩评测\annual_reports_final,,
SR-126,6,归属于上市公司股东的净资产,subject=公司；metric=归属于上市公司股东的净资产；period=本期；unit=元；scope=未标明,归属于上市公司股东的净资产,本期,1027346041.06,元,未标明,答辩评测\annual_reports_final,,
SR-126,7,总资产,subject=公司；metric=总资产；period=本期；unit=元；scope=未标明,总资产,本期,1379959421.43,元,未标明,答辩评测\annual_reports_final,,
SR-126,8,基本每股收益（元／股）,subject=公司；metric=基本每股收益（元／股）；period=本期；unit=%；scope=未标明,基本每股收益（元／股）,本期,0.41,%,未标明,答辩评测\annual_reports_final,,
SR-126,9,营业收入@21页,subject=公司；metric=营业收入；period=本期；unit=元；scope=未标明,营业收入,本期,517541996.31,元,未标明,答辩评测\annual_reports_final,,
SR-126,10,经营活动产生的现金流量净额@上期,subject=公司；metric=经营活动产生的现金流量净额；period=上期；unit=元；scope=合并,经营活动产生的现金流量净额,上期,55782164.12,元,合并,答辩评测\annual_reports_final,,
SR-126,11,经营活动产生的现金流量净额@21页,subject=公司；metric=经营活动产生的现金流量净额；period=本期；unit=元；scope=未标明,经营活动产生的现金流量净额,本期,49952509.47,元,未标明,答辩评测\annual_reports_final,,
SR-126,12,加权平均净资产收益率（%）,subject=公司；metric=加权平均净资产收益率（%）；period=本期；unit=%；scope=合并,加权平均净资产收益率（%）,本期,9.83,%,合并,答辩评测\annual_reports_final,,
SR-126,13,营业成本,subject=公司；metric=营业成本；period=本期；unit=元；scope=合并,营业成本,本期,375363831.56,元,合并,答辩评测\annual_reports_final,,
SR-126,14,销售费用,subject=公司；metric=销售费用；period=本期；unit=元；scope=合并,销售费用,本期,3395401.3,元,合并,答辩评测\annual_reports_final,,
SR-126,15,管理费用,subject=公司；metric=管理费用；period=本期；unit=元；scope=合并,管理费用,本期,34789571.47,元,合并,答辩评测\annual_reports_final,,
SR-126,16,财务费用,subject=公司；metric=财务费用；period=本期；unit=元；scope=未标明,财务费用,本期,-21526835.89,元,未标明,答辩评测\annual_reports_final,,
SR-126,17,研发费用,subject=公司；metric=研发费用；period=本期；unit=元；scope=合并,研发费用,本期,33524732.9,元,合并,答辩评测\annual_reports_final,,
SR-126,18,营业收入@7页,subject=公司；metric=营业收入；period=本期；unit=元；scope=未标明,营业收入,本期,517541996.31,元,未标明,答辩评测\annual_reports_final,,
SR-126,19,销售费用@上期,subject=公司；metric=销售费用；period=上期；unit=元；scope=合并,销售费用,上期,4449457.36,元,合并,答辩评测\annual_reports_final,,
SR-126,20,管理费用@上期,subject=公司；metric=管理费用；period=上期；unit=元；scope=合并,管理费用,上期,33167928.8,元,合并,答辩评测\annual_reports_final,,
SR-126,21,研发费用@上期,subject=公司；metric=研发费用；period=上期；unit=元；scope=合并,研发费用,上期,35399872.22,元,合并,答辩评测\annual_reports_final,,
SR-126,22,经营活动产生的现金流量净额@7页,subject=公司；metric=经营活动产生的现金流量净额；period=本期；unit=元；scope=未标明,经营活动产生的现金流量净额,本期,49952509.47,元,未标明,答辩评测\annual_reports_final,,
SR-126,23,投资活动产生的现金流量净额,subject=公司；metric=投资活动产生的现金流量净额；period=本期；unit=元；scope=合并,投资活动产生的现金流量净额,本期,-88208058.63,元,合并,答辩评测\annual_reports_final,,
SR-127,1,营业收入,subject=公司；metric=营业收入；period=本期；unit=元；scope=合并,营业收入,本期,5348842872.96,元,合并,答辩评测\annual_reports_final,,
SR-127,2,营业收入@上期,subject=公司；metric=营业收入；period=上期；unit=元；scope=合并,营业收入,上期,5179311061.77,元,合并,答辩评测\annual_reports_final,,
SR-127,3,营业成本,subject=公司；metric=营业成本；period=本期；unit=元；scope=合并,营业成本,本期,4603064963.18,元,合并,答辩评测\annual_reports_final,,
SR-127,4,销售费用,subject=公司；metric=销售费用；period=本期；unit=元；scope=未标明,销售费用,本期,118722307.03,元,未标明,答辩评测\annual_reports_final,,
SR-127,5,管理费用,subject=公司；metric=管理费用；period=本期；unit=元；scope=未标明,管理费用,本期,148714131.49,元,未标明,答辩评测\annual_reports_final,,
SR-127,6,财务费用,subject=公司；metric=财务费用；period=本期；unit=元；scope=未标明,财务费用,本期,76606328.88,元,未标明,答辩评测\annual_reports_final,,
SR-127,7,营业成本@上期,subject=公司；metric=营业成本；period=上期；unit=元；scope=合并,营业成本,上期,4637080331.98,元,合并,答辩评测\annual_reports_final,,
SR-128,1,营业收入,subject=公司；metric=营业收入；period=本期；unit=元；scope=合并,营业收入,本期,1626476690.63,元,合并,答辩评测\annual_reports_final,,
SR-128,2,营业收入@上期,subject=公司；metric=营业收入；period=上期；unit=元；scope=合并,营业收入,上期,1618960531.84,元,合并,答辩评测\annual_reports_final,,
SR-128,3,归属于上市公司股东的净利润,subject=公司；metric=归属于上市公司股东的净利润；period=本期；unit=元；scope=合并,归属于上市公司股东的净利润,本期,179898742.02,元,合并,答辩评测\annual_reports_final,,
SR-128,4,归属于上市公司股东的扣除非经常性损益的净利润,subject=公司；metric=归属于上市公司股东的扣除非经常性损益的净利润；period=本期；unit=元；scope=未标明,归属于上市公司股东的扣除非经常性损益的净利润,本期,191312281.02,元,未标明,答辩评测\annual_reports_final,,
SR-128,5,经营活动产生的现金流量净额,subject=公司；metric=经营活动产生的现金流量净额；period=本期；unit=元；scope=未标明,经营活动产生的现金流量净额,本期,189070492.04,元,未标明,答辩评测\annual_reports_final,,
SR-128,6,归属于上市公司股东的净资产,subject=公司；metric=归属于上市公司股东的净资产；period=本期；unit=元；scope=未标明,归属于上市公司股东的净资产,本期,1571802634.74,元,未标明,答辩评测\annual_reports_final,,
SR-128,7,归属于上市公司股东的净利润@上期,subject=公司；metric=归属于上市公司股东的净利润；period=上期；unit=元；scope=合并,归属于上市公司股东的净利润,上期,215048956.44,元,合并,答辩评测\annual_reports_final,,
SR-129,1,营业收入,subject=公司；metric=营业收入；period=本期；unit=元；scope=合并,营业收入,本期,6872101681.3,元,合并,答辩评测\annual_reports_final,,
SR-129,2,营业收入@上期,subject=公司；metric=营业收入；period=上期；unit=元；scope=合并,营业收入,上期,4943938089.68,元,合并,答辩评测\annual_reports_final,,
SR-129,3,归属于上市公司股东的净利润,subject=公司；metric=归属于上市公司股东的净利润；period=本期；unit=元；scope=合并,归属于上市公司股东的净利润,本期,1031325697.38,元,合并,答辩评测\annual_reports_final,,
SR-129,4,归属于上市公司股东的扣除非经常性损益的净利润,subject=公司；metric=归属于上市公司股东的扣除非经常性损益的净利润；period=本期；unit=元；scope=未标明,归属于上市公司股东的扣除非经常性损益的净利润,本期,866623468.53,元,未标明,答辩评测\annual_reports_final,,
SR-129,5,经营活动产生的现金流量净额,subject=公司；metric=经营活动产生的现金流量净额；period=本期；unit=元；scope=未标明,经营活动产生的现金流量净额,本期,341244704.96,元,未标明,答辩评测\annual_reports_final,,
SR-129,6,归属于上市公司股东的净资产,subject=公司；metric=归属于上市公司股东的净资产；period=本期；unit=元；scope=合并,归属于上市公司股东的净资产,本期,15486938064.03,元,合并,答辩评测\annual_reports_final,,
SR-129,7,总资产,subject=公司；metric=总资产；period=本期；unit=元；scope=合并,总资产,本期,23185872521.48,元,合并,答辩评测\annual_reports_final,,
SR-129,8,基本每股收益（元／股）,subject=公司；metric=基本每股收益（元／股）；period=本期；unit=%；scope=未标明,基本每股收益（元／股）,本期,0.51,%,未标明,答辩评测\annual_reports_final,,
SR-129,9,营业收入@24页,subject=公司；metric=营业收入；period=本期；unit=元；scope=未标明,营业收入,本期,6872101681.3,元,未标明,答辩评测\annual_reports_final,,
SR-129,10,归属于上市公司股东的净利润@上期,subject=公司；metric=归属于上市公司股东的净利润；period=上期；unit=元；scope=合并,归属于上市公司股东的净利润,上期,855997415.73,元,合并,答辩评测\annual_reports_final,,
SR-129,11,归属于上市公司股东的净资产@上期,subject=公司；metric=归属于上市公司股东的净资产；period=上期；unit=元；scope=合并,归属于上市公司股东的净资产,上期,14786256098.08,元,合并,答辩评测\annual_reports_final,,
SR-129,12,营业成本,subject=公司；metric=营业成本；period=本期；unit=元；scope=分部,营业成本,本期,4918078737.96,元,分部,答辩评测\annual_reports_final,,
SR-129,13,销售费用,subject=公司；metric=销售费用；period=本期；unit=元；scope=未标明,销售费用,本期,137954740.9,元,未标明,答辩评测\annual_reports_final,,
SR-129,14,管理费用,subject=公司；metric=管理费用；period=本期；unit=元；scope=未标明,管理费用,本期,404132130.34,元,未标明,答辩评测\annual_reports_final,,
SR-129,15,财务费用,subject=公司；metric=财务费用；period=本期；unit=元；scope=未标明,财务费用,本期,-4113199.73,元,未标明,答辩评测\annual_reports_final,,
SR-129,16,研发费用,subject=公司；metric=研发费用；period=本期；unit=元；scope=未标明,研发费用,本期,222556522.26,元,未标明,答辩评测\annual_reports_final,,
SR-129,17,营业收入@9页,subject=公司；metric=营业收入；period=本期；unit=元；scope=未标明,营业收入,本期,6872101681.3,元,未标明,答辩评测\annual_reports_final,,
SR-129,18,营业成本@上期,subject=公司；metric=营业成本；period=上期；unit=元；scope=分部,营业成本,上期,3149580958.53,元,分部,答辩评测\annual_reports_final,,
SR-130,1,营业收入,subject=公司；metric=营业收入；period=本期；unit=元；scope=合并,营业收入,本期,3801354330.84,元,合并,答辩评测\annual_reports_final,,
SR-130,2,营业收入@上期,subject=公司；metric=营业收入；period=上期；unit=元；scope=合并,营业收入,上期,3504521069.01,元,合并,答辩评测\annual_reports_final,,
SR-130,3,归属于上市公司股东的净利润,subject=公司；metric=归属于上市公司股东的净利润；period=本期；unit=元；scope=未标明,归属于上市公司股东的净利润,本期,46606705.28,元,未标明,答辩评测\annual_reports_final,,
SR-130,4,归属于上市公司股东的扣除非经常性损益的净利润,subject=公司；metric=归属于上市公司股东的扣除非经常性损益的净利润；period=本期；unit=元；scope=未标明,归属于上市公司股东的扣除非经常性损益的净利润,本期,31523132.36,元,未标明,答辩评测\annual_reports_final,,
SR-130,5,经营活动产生的现金流量净额,subject=公司；metric=经营活动产生的现金流量净额；period=本期；unit=元；scope=未标明,经营活动产生的现金流量净额,本期,546959166.6,元,未标明,答辩评测\annual_reports_final,,
SR-130,6,归属于上市公司股东的净资产,subject=公司；metric=归属于上市公司股东的净资产；period=本期；unit=元；scope=未标明,归属于上市公司股东的净资产,本期,1534347851.52,元,未标明,答辩评测\annual_reports_final,,
SR-130,7,总资产,subject=公司；metric=总资产；period=本期；unit=元；scope=未标明,总资产,本期,6393422840.54,元,未标明,答辩评测\annual_reports_final,,
SR-130,8,基本每股收益（元／股）,subject=公司；metric=基本每股收益（元／股）；period=本期；unit=%；scope=未标明,基本每股收益（元／股）,本期,0.14,%,未标明,答辩评测\annual_reports_final,,
SR-130,9,营业成本,subject=公司；metric=营业成本；period=本期；unit=元；scope=未标明,营业成本,本期,3304866076.49,元,未标明,答辩评测\annual_reports_final,,
SR-130,10,销售费用,subject=公司；metric=销售费用；period=本期；unit=元；scope=未标明,销售费用,本期,19930610.48,元,未标明,答辩评测\annual_reports_final,,
SR-130,11,管理费用,subject=公司；metric=管理费用；period=本期；unit=元；scope=未标明,管理费用,本期,188313365.85,元,未标明,答辩评测\annual_reports_final,,
SR-130,12,财务费用,subject=公司；metric=财务费用；period=本期；unit=元；scope=未标明,财务费用,本期,30242706.35,元,未标明,答辩评测\annual_reports_final,,
SR-130,13,研发费用,subject=公司；metric=研发费用；period=本期；unit=元；scope=未标明,研发费用,本期,87511849.21,元,未标明,答辩评测\annual_reports_final,,
SR-131,1,营业收入,subject=公司；metric=营业收入；period=本期；unit=元；scope=合并,营业收入,本期,1366477488.38,元,合并,答辩评测\annual_reports_final,,
SR-131,2,营业收入@上期,subject=公司；metric=营业收入；period=上期；unit=元；scope=合并,营业收入,上期,1338012289.5,元,合并,答辩评测\annual_reports_final,,
SR-131,3,归属于上市公司股东的净利润,subject=公司；metric=归属于上市公司股东的净利润；period=本期；unit=元；scope=合并,归属于上市公司股东的净利润,本期,114765490.82,元,合并,答辩评测\annual_reports_final,,
SR-131,4,归属于上市公司股东的扣除非经常性损益的净利润,subject=公司；metric=归属于上市公司股东的扣除非经常性损益的净利润；period=本期；unit=元；scope=未标明,归属于上市公司股东的扣除非经常性损益的净利润,本期,104163536.31,元,未标明,答辩评测\annual_reports_final,,
SR-131,5,经营活动产生的现金流量净额,subject=公司；metric=经营活动产生的现金流量净额；period=本期；unit=元；scope=未标明,经营活动产生的现金流量净额,本期,136164916.42,元,未标明,答辩评测\annual_reports_final,,
SR-131,6,归属于上市公司股东的净资产,subject=公司；metric=归属于上市公司股东的净资产；period=本期；unit=元；scope=未标明,归属于上市公司股东的净资产,本期,1497659554.16,元,未标明,答辩评测\annual_reports_final,,
SR-131,7,总资产,subject=公司；metric=总资产；period=本期；unit=元；scope=合并,总资产,本期,1846360466.77,元,合并,答辩评测\annual_reports_final,,
SR-131,8,基本每股收益（元／股）,subject=公司；metric=基本每股收益（元／股）；period=本期；unit=元；scope=未标明,基本每股收益（元／股）,本期,0.55,元,未标明,答辩评测\annual_reports_final,,
SR-131,9,归属于上市公司股东的净利润@上期,subject=公司；metric=归属于上市公司股东的净利润；period=上期；unit=元；scope=合并,归属于上市公司股东的净利润,上期,115649851.06,元,合并,答辩评测\annual_reports_final,,
SR-131,10,营业成本,subject=公司；metric=营业成本；period=本期；unit=元；scope=未标明,营业成本,本期,1174008742.01,元,未标明,答辩评测\annual_reports_final,,
SR-131,11,销售费用,subject=公司；metric=销售费用；period=本期；unit=元；scope=未标明,销售费用,本期,10628044.4,元,未标明,答辩评测\annual_reports_final,,
SR-131,12,管理费用,subject=公司；metric=管理费用；period=本期；unit=元；scope=未标明,管理费用,本期,21448228.29,元,未标明,答辩评测\annual_reports_final,,
SR-131,13,研发费用,subject=公司；metric=研发费用；period=本期；unit=元；scope=未标明,研发费用,本期,18236362.49,元,未标明,答辩评测\annual_reports_final,,
SR-131,14,财务费用,subject=公司；metric=财务费用；period=本期；unit=元；scope=未标明,财务费用,本期,2375659.07,元,未标明,答辩评测\annual_reports_final,,
SR-131,15,货币资金,subject=公司；metric=货币资金；period=本期；unit=元；scope=合并,货币资金,本期,510062554.07,元,合并,答辩评测\annual_reports_final,,
SR-131,16,交易性金融资产,subject=公司；metric=交易性金融资产；period=本期；unit=元；scope=未标明,交易性金融资产,本期,71293333.59,元,未标明,答辩评测\annual_reports_final,,
SR-131,17,应收票据,subject=公司；metric=应收票据；period=本期；unit=元；scope=未标明,应收票据,本期,31485386.45,元,未标明,答辩评测\annual_reports_final,,
SR-131,18,应收款项融资,subject=公司；metric=应收款项融资；period=本期；unit=元；scope=未标明,应收款项融资,本期,132033337.46,元,未标明,答辩评测\annual_reports_final,,
SR-131,19,固定资产,subject=公司；metric=固定资产；period=本期；unit=元；scope=合并,固定资产,本期,227827892.88,元,合并,答辩评测\annual_reports_final,,
SR-131,20,在建工程,subject=公司；metric=在建工程；period=本期；unit=元；scope=未标明,在建工程,本期,38361547.02,元,未标明,答辩评测\annual_reports_final,,
SR-131,21,其他非流动资产,subject=公司；metric=其他非流动资产；period=本期；unit=元；scope=未标明,其他非流动资产,本期,4585494.0,元,未标明,答辩评测\annual_reports_final,,
SR-131,22,应付票据,subject=公司；metric=应付票据；period=本期；unit=元；scope=合并,应付票据,本期,214656222.3,元,合并,答辩评测\annual_reports_final,,
SR-132,1,归属于上市公司股东的净利润,subject=公司；metric=归属于上市公司股东的净利润；period=本期；unit=元；scope=合并,归属于上市公司股东的净利润,本期,233261248.25,元,合并,答辩评测\annual_reports_final,,
SR-132,2,归属于上市公司股东的净利润@上期,subject=公司；metric=归属于上市公司股东的净利润；period=上期；unit=元；scope=合并,归属于上市公司股东的净利润,上期,166039065.99,元,合并,答辩评测\annual_reports_final,,
SR-132,3,营业收入,subject=公司；metric=营业收入；period=本期；unit=元；scope=未标明,营业收入,本期,743909348.44,元,未标明,答辩评测\annual_reports_final,,
SR-132,4,归属于上市公司股东的扣除非经常性损益的净利润,subject=公司；metric=归属于上市公司股东的扣除非经常性损益的净利润；period=本期；unit=元；scope=未标明,归属于上市公司股东的扣除非经常性损益的净利润,本期,217363134.98,元,未标明,答辩评测\annual_reports_final,,
SR-132,5,经营活动产生的现金流量净额,subject=公司；metric=经营活动产生的现金流量净额；period=本期；unit=元；scope=未标明,经营活动产生的现金流量净额,本期,231219653.87,元,未标明,答辩评测\annual_reports_final,,
SR-132,6,交易性金融资产,subject=公司；metric=交易性金融资产；period=本期；unit=元；scope=合并,交易性金融资产,本期,149781969.99,元,合并,答辩评测\annual_reports_final,,
SR-132,7,货币资金,subject=公司；metric=货币资金；period=本期；unit=元；scope=未标明,货币资金,本期,940357282.23,元,未标明,答辩评测\annual_reports_final,,
SR-132,8,其他流动资产,subject=公司；metric=其他流动资产；period=本期；unit=元；scope=未标明,其他流动资产,本期,381351844.96,元,未标明,答辩评测\annual_reports_final,,
SR-132,9,预付款项,subject=公司；metric=预付款项；period=本期；unit=元；scope=未标明,预付款项,本期,4880489.68,元,未标明,答辩评测\annual_reports_final,,
SR-132,10,应付账款,subject=公司；metric=应付账款；period=本期；unit=元；scope=未标明,应付账款,本期,17191508.36,元,未标明,答辩评测\annual_reports_final,,
SR-132,11,其他应付款,subject=公司；metric=其他应付款；period=本期；unit=元；scope=未标明,其他应付款,本期,26127820.51,元,未标明,答辩评测\annual_reports_final,,
SR-132,12,交易性金融资产@8页,subject=公司；metric=交易性金融资产；period=本期；unit=元；scope=未标明,交易性金融资产,本期,149781969.99,元,未标明,答辩评测\annual_reports_final,,
SR-133,1,营业收入,subject=公司；metric=营业收入；period=本期；unit=元；scope=分部,营业收入,本期,535132594.76,元,分部,答辩评测\annual_reports_final,,
SR-133,2,营业收入@上期,subject=公司；metric=营业收入；period=上期；unit=元；scope=分部,营业收入,上期,503561629.15,元,分部,答辩评测\annual_reports_final,,
SR-133,3,营业成本,subject=公司；metric=营业成本；period=本期；unit=元；scope=分部,营业成本,本期,411029388.96,元,分部,答辩评测\annual_reports_final,,
SR-133,4,销售费用,subject=公司；metric=销售费用；period=本期；unit=元；scope=未标明,销售费用,本期,15993994.5,元,未标明,答辩评测\annual_reports_final,,
SR-133,5,管理费用,subject=公司；metric=管理费用；period=本期；unit=元；scope=未标明,管理费用,本期,46256568.81,元,未标明,答辩评测\annual_reports_final,,
SR-133,6,财务费用,subject=公司；metric=财务费用；period=本期；unit=元；scope=未标明,财务费用,本期,-8634140.75,元,未标明,答辩评测\annual_reports_final,,
SR-133,7,研发费用,subject=公司；metric=研发费用；period=本期；unit=元；scope=未标明,研发费用,本期,18444266.8,元,未标明,答辩评测\annual_reports_final,,
SR-133,8,经营活动产生的现金流量净额,subject=公司；metric=经营活动产生的现金流量净额；period=本期；unit=元；scope=未标明,经营活动产生的现金流量净额,本期,72752355.96,元,未标明,答辩评测\annual_reports_final,,
SR-134,1,营业收入,subject=公司；metric=营业收入；period=本期；unit=元；scope=合并,营业收入,本期,4027760104.41,元,合并,答辩评测\annual_reports_final,,
SR-134,2,营业收入@上期,subject=公司；metric=营业收入；period=上期；unit=元；scope=合并,营业收入,上期,4852501484.56,元,合并,答辩评测\annual_reports_final,,
SR-134,3,扣除与主营业务无关的业务收入和不具备商业实质的收入后的营业收入,subject=公司；metric=扣除与主营业务无关的业务收入和不具备商业实质的收入后的营业收入；period=本期；unit=元；scope=未标明,扣除与主营业务无关的业务收入和不具备商业实质的收入后的营业收入,本期,3960324581.77,元,未标明,答辩评测\annual_reports_final,,
SR-134,4,归属于上市公司股东的净利润,subject=公司；metric=归属于上市公司股东的净利润；period=本期；unit=元；scope=未标明,归属于上市公司股东的净利润,本期,-304181026.11,元,未标明,答辩评测\annual_reports_final,,
SR-134,5,营业成本,subject=公司；metric=营业成本；period=本期；unit=元；scope=未标明,营业成本,本期,2745430855.87,元,未标明,答辩评测\annual_reports_final,,
SR-134,6,销售费用,subject=公司；metric=销售费用；period=本期；unit=元；scope=未标明,销售费用,本期,799374506.57,元,未标明,答辩评测\annual_reports_final,,
SR-134,7,管理费用,subject=公司；metric=管理费用；period=本期；unit=元；scope=未标明,管理费用,本期,350883589.21,元,未标明,答辩评测\annual_reports_final,,
SR-134,8,财务费用,subject=公司；metric=财务费用；period=本期；unit=元；scope=未标明,财务费用,本期,238876335.62,元,未标明,答辩评测\annual_reports_final,,
SR-134,9,研发费用,subject=公司；metric=研发费用；period=本期；unit=元；scope=未标明,研发费用,本期,83128280.89,元,未标明,答辩评测\annual_reports_final,,
SR-134,10,经营活动产生的现金流量净额,subject=公司；metric=经营活动产生的现金流量净额；period=本期；unit=元；scope=未标明,经营活动产生的现金流量净额,本期,773092089.69,元,未标明,答辩评测\annual_reports_final,,
SR-135,1,营业收入,subject=公司；metric=营业收入；period=本期；unit=元；scope=合并,营业收入,本期,2796060229.74,元,合并,答辩评测\annual_reports_final,,
SR-135,2,营业收入@上期,subject=公司；metric=营业收入；period=上期；unit=元；scope=合并,营业收入,上期,2799499506.04,元,合并,答辩评测\annual_reports_final,,
SR-135,3,归属于上市公司股东的净利润,subject=公司；metric=归属于上市公司股东的净利润；period=本期；unit=元；scope=合并,归属于上市公司股东的净利润,本期,390239316.01,元,合并,答辩评测\annual_reports_final,,
SR-135,4,归属于上市公司股东的扣除非经常性损益的净利润,subject=公司；metric=归属于上市公司股东的扣除非经常性损益的净利润；period=本期；unit=元；scope=未标明,归属于上市公司股东的扣除非经常性损益的净利润,本期,369153458.64,元,未标明,答辩评测\annual_reports_final,,
SR-135,5,经营活动产生的现金流量净额,subject=公司；metric=经营活动产生的现金流量净额；period=本期；unit=元；scope=未标明,经营活动产生的现金流量净额,本期,422630065.95,元,未标明,答辩评测\annual_reports_final,,
SR-135,6,归属于上市公司股东的净资产,subject=公司；metric=归属于上市公司股东的净资产；period=本期；unit=元；scope=合并,归属于上市公司股东的净资产,本期,1980689000.42,元,合并,答辩评测\annual_reports_final,,
SR-135,7,营业收入@11页,subject=公司；metric=营业收入；period=本期；unit=元；scope=未标明,营业收入,本期,2796060229.74,元,未标明,答辩评测\annual_reports_final,,
SR-135,8,归属于上市公司股东的净利润@上期,subject=公司；metric=归属于上市公司股东的净利润；period=上期；unit=元；scope=合并,归属于上市公司股东的净利润,上期,290022352.04,元,合并,答辩评测\annual_reports_final,,
SR-135,9,归属于上市公司股东的净资产@上期,subject=公司；metric=归属于上市公司股东的净资产；period=上期；unit=元；scope=合并,归属于上市公司股东的净资产,上期,1665432784.41,元,合并,答辩评测\annual_reports_final,,
SR-135,10,营业成本,subject=公司；metric=营业成本；period=本期；unit=元；scope=未标明,营业成本,本期,2157487729.04,元,未标明,答辩评测\annual_reports_final,,
SR-135,11,销售费用,subject=公司；metric=销售费用；period=本期；unit=元；scope=未标明,销售费用,本期,13341785.21,元,未标明,答辩评测\annual_reports_final,,
SR-135,12,管理费用,subject=公司；metric=管理费用；period=本期；unit=元；scope=未标明,管理费用,本期,91549904.63,元,未标明,答辩评测\annual_reports_final,,
SR-135,13,财务费用,subject=公司；metric=财务费用；period=本期；unit=元；scope=未标明,财务费用,本期,-10559527.22,元,未标明,答辩评测\annual_reports_final,,
SR-135,14,研发费用,subject=公司；metric=研发费用；period=本期；unit=元；scope=未标明,研发费用,本期,97628158.96,元,未标明,答辩评测\annual_reports_final,,
SR-135,15,营业收入@5页,subject=公司；metric=营业收入；period=本期；unit=元；scope=未标明,营业收入,本期,2796060229.74,元,未标明,答辩评测\annual_reports_final,,
SR-136,1,营业收入,subject=公司；metric=营业收入；period=本期；unit=元；scope=合并,营业收入,本期,511346189.29,元,合并,答辩评测\annual_reports_final,,
SR-136,2,营业收入@上期,subject=公司；metric=营业收入；period=上期；unit=元；scope=合并,营业收入,上期,659528822.77,元,合并,答辩评测\annual_reports_final,,
SR-136,3,归属于上市公司股东的净利润,subject=公司；metric=归属于上市公司股东的净利润；period=本期；unit=元；scope=合并,归属于上市公司股东的净利润,本期,33575207.89,元,合并,答辩评测\annual_reports_final,,
SR-136,4,归属于上市公司股东的扣除非经常性损益的净利润,subject=公司；metric=归属于上市公司股东的扣除非经常性损益的净利润；period=本期；unit=元；scope=未标明,归属于上市公司股东的扣除非经常性损益的净利润,本期,28190247.3,元,未标明,答辩评测\annual_reports_final,,
SR-136,5,经营活动产生的现金流量净额,subject=公司；metric=经营活动产生的现金流量净额；period=本期；unit=元；scope=未标明,经营活动产生的现金流量净额,本期,162305706.39,元,未标明,答辩评测\annual_reports_final,,
SR-136,6,归属于上市公司股东的净资产,subject=公司；metric=归属于上市公司股东的净资产；period=本期；unit=元；scope=合并,归属于上市公司股东的净资产,本期,1145398039.72,元,合并,答辩评测\annual_reports_final,,
SR-136,7,总资产,subject=公司；metric=总资产；period=本期；unit=元；scope=未标明,总资产,本期,1429119669.81,元,未标明,答辩评测\annual_reports_final,,
SR-136,8,基本每股收益（元／股）,subject=公司；metric=基本每股收益（元／股）；period=本期；unit=%；scope=未标明,基本每股收益（元／股）,本期,0.05,%,未标明,答辩评测\annual_reports_final,,
SR-136,9,归属于上市公司股东的净利润@上期,subject=公司；metric=归属于上市公司股东的净利润；period=上期；unit=元；scope=合并,归属于上市公司股东的净利润,上期,49474216.34,元,合并,答辩评测\annual_reports_final,,
SR-136,10,投资活动产生的现金流量净额,subject=公司；metric=投资活动产生的现金流量净额；period=本期；unit=元；scope=合并,投资活动产生的现金流量净额,本期,-161446656.57,元,合并,答辩评测\annual_reports_final,,
SR-136,11,交易性金融资产,subject=公司；metric=交易性金融资产；period=本期；unit=元；scope=未标明,交易性金融资产,本期,0.0,元,未标明,答辩评测\annual_reports_final,,
SR-136,12,应收账款,subject=公司；metric=应收账款；period=本期；unit=元；scope=未标明,应收账款,本期,824064.48,元,未标明,答辩评测\annual_reports_final,,
SR-136,13,预付款项,subject=公司；metric=预付款项；period=本期；unit=元；scope=未标明,预付款项,本期,3158596.84,元,未标明,答辩评测\annual_reports_final,,
SR-136,14,其他流动资产,subject=公司；metric=其他流动资产；period=本期；unit=元；scope=未标明,其他流动资产,本期,7860709.72,元,未标明,答辩评测\annual_reports_final,,
SR-136,15,长期股权投资,subject=公司；metric=长期股权投资；period=本期；unit=元；scope=未标明,长期股权投资,本期,178202189.1,元,未标明,答辩评测\annual_reports_final,,
SR-136,16,在建工程,subject=公司；metric=在建工程；period=本期；unit=元；scope=未标明,在建工程,本期,401287.8,元,未标明,答辩评测\annual_reports_final,,
SR-136,17,投资活动产生的现金流量净额@8页,subject=公司；metric=投资活动产生的现金流量净额；period=本期；unit=元；scope=未标明,投资活动产生的现金流量净额,本期,-161446656.57,元,未标明,答辩评测\annual_reports_final,,
SR-137,1,营业收入,subject=公司；metric=营业收入；period=本期；unit=元；scope=合并,营业收入,本期,827590280.49,元,合并,答辩评测\annual_reports_final,,
SR-137,2,营业收入@上期,subject=公司；metric=营业收入；period=上期；unit=元；scope=合并,营业收入,上期,600977013.34,元,合并,答辩评测\annual_reports_final,,
SR-137,3,营业成本,subject=公司；metric=营业成本；period=本期；unit=元；scope=未标明,营业成本,本期,52350054.34,元,未标明,答辩评测\annual_reports_final,,
SR-137,4,销售费用,subject=公司；metric=销售费用；period=本期；unit=元；scope=未标明,销售费用,本期,434825272.71,元,未标明,答辩评测\annual_reports_final,,
SR-137,5,管理费用,subject=公司；metric=管理费用；period=本期；unit=元；scope=未标明,管理费用,本期,94508032.29,元,未标明,答辩评测\annual_reports_final,,
SR-137,6,财务费用,subject=公司；metric=财务费用；period=本期；unit=元；scope=未标明,财务费用,本期,-5230421.57,元,未标明,答辩评测\annual_reports_final,,
SR-137,7,研发费用,subject=公司；metric=研发费用；period=本期；unit=元；scope=未标明,研发费用,本期,389738201.35,元,未标明,答辩评测\annual_reports_final,,
SR-137,8,经营活动产生的现金流量净额,subject=公司；metric=经营活动产生的现金流量净额；period=本期；unit=元；scope=未标明,经营活动产生的现金流量净额,本期,84637076.81,元,未标明,答辩评测\annual_reports_final,,
SR-138,1,营业收入,subject=公司；metric=营业收入；period=本期；unit=元；scope=合并,营业收入,本期,2655908524.74,元,合并,答辩评测\annual_reports_final,,
SR-138,2,营业收入@上期,subject=公司；metric=营业收入；period=上期；unit=元；scope=合并,营业收入,上期,1398284999.28,元,合并,答辩评测\annual_reports_final,,
SR-138,3,归属于上市公司股东的净利润,subject=公司；metric=归属于上市公司股东的净利润；period=本期；unit=元；scope=合并,归属于上市公司股东的净利润,本期,143556293.25,元,合并,答辩评测\annual_reports_final,,
SR-138,4,归属于上市公司股东的扣除非经常性损益的净利润,subject=公司；metric=归属于上市公司股东的扣除非经常性损益的净利润；period=本期；unit=元；scope=未标明,归属于上市公司股东的扣除非经常性损益的净利润,本期,139891611.56,元,未标明,答辩评测\annual_reports_final,,
SR-138,5,经营活动产生的现金流量净额,subject=公司；metric=经营活动产生的现金流量净额；period=本期；unit=元；scope=未标明,经营活动产生的现金流量净额,本期,132310966.22,元,未标明,答辩评测\annual_reports_final,,
SR-138,6,归属于上市公司,subject=公司；metric=归属于上市公司；period=本期；unit=元；scope=未标明,归属于上市公司,本期,951670763.24,元,未标明,答辩评测\annual_reports_final,,
SR-138,7,营业收入@15页,subject=公司；metric=营业收入；period=本期；unit=元；scope=未标明,营业收入,本期,2655908524.74,元,未标明,答辩评测\annual_reports_final,,
SR-138,8,归属于上市公司股东的净利润@上期,subject=公司；metric=归属于上市公司股东的净利润；period=上期；unit=元；scope=合并,归属于上市公司股东的净利润,上期,49419058.45,元,合并,答辩评测\annual_reports_final,,
SR-138,9,营业成本,subject=公司；metric=营业成本；period=本期；unit=元；scope=未标明,营业成本,本期,2110773761.98,元,未标明,答辩评测\annual_reports_final,,
SR-138,10,销售费用,subject=公司；metric=销售费用；period=本期；unit=元；scope=未标明,销售费用,本期,223867878.18,元,未标明,答辩评测\annual_reports_final,,
SR-138,11,管理费用,subject=公司；metric=管理费用；period=本期；unit=元；scope=未标明,管理费用,本期,84798393.45,元,未标明,答辩评测\annual_reports_final,,
SR-138,12,财务费用,subject=公司；metric=财务费用；period=本期；unit=元；scope=未标明,财务费用,本期,688643.04,元,未标明,答辩评测\annual_reports_final,,
SR-138,13,投资活动产生的现金流量净额,subject=公司；metric=投资活动产生的现金流量净额；period=本期；unit=元；scope=未标明,投资活动产生的现金流量净额,本期,-127779759.26,元,未标明,答辩评测\annual_reports_final,,
SR-138,14,营业收入@6页,subject=公司；metric=营业收入；period=本期；unit=元；scope=未标明,营业收入,本期,2655908524.74,元,未标明,答辩评测\annual_reports_final,,
SR-139,1,营业收入,subject=公司；metric=营业收入；period=本期；unit=万元；scope=合并,营业收入,本期,27811.39,万元,合并,答辩评测\annual_reports_final,,
SR-139,2,营业收入@上期,subject=公司；metric=营业收入；period=上期；unit=万元；scope=合并,营业收入,上期,24074.64,万元,合并,答辩评测\annual_reports_final,,
SR-139,3,营业成本,subject=公司；metric=营业成本；period=本期；unit=万元；scope=合并,营业成本,本期,2376.73,万元,合并,答辩评测\annual_reports_final,,
SR-139,4,销售费用,subject=公司；metric=销售费用；period=本期；unit=万元；scope=未标明,销售费用,本期,10968.0,万元,未标明,答辩评测\annual_reports_final,,
SR-139,5,管理费用,subject=公司；metric=管理费用；period=本期；unit=万元；scope=未标明,管理费用,本期,3641.33,万元,未标明,答辩评测\annual_reports_final,,
SR-139,6,财务费用,subject=公司；metric=财务费用；period=本期；unit=万元；scope=未标明,财务费用,本期,-728.62,万元,未标明,答辩评测\annual_reports_final,,
SR-139,7,研发费用,subject=公司；metric=研发费用；period=本期；unit=万元；scope=未标明,研发费用,本期,7150.0,万元,未标明,答辩评测\annual_reports_final,,
SR-139,8,经营活动产生的现金流量净额,subject=公司；metric=经营活动产生的现金流量净额；period=本期；unit=万元；scope=未标明,经营活动产生的现金流量净额,本期,8003.05,万元,未标明,答辩评测\annual_reports_final,,
SR-139,9,营业成本@上期,subject=公司；metric=营业成本；period=上期；unit=万元；scope=合并,营业成本,上期,1985.24,万元,合并,答辩评测\annual_reports_final,,
SR-139,10,归属于上市公司股东的净利润,subject=公司；metric=归属于上市公司股东的净利润；period=本期；unit=万元；scope=合并,归属于上市公司股东的净利润,本期,5413.86,万元,合并,答辩评测\annual_reports_final,,
SR-139,11,归属于上市公司股东的净利润@上期,subject=公司；metric=归属于上市公司股东的净利润；period=上期；unit=万元；scope=合并,归属于上市公司股东的净利润,上期,6224.18,万元,合并,答辩评测\annual_reports_final,,
SR-140,1,营业收入,subject=公司；metric=营业收入；period=本期；unit=元；scope=合并,营业收入,本期,2807383491.57,元,合并,答辩评测\annual_reports_final,,
SR-140,2,营业收入@上期,subject=公司；metric=营业收入；period=上期；unit=元；scope=合并,营业收入,上期,2506260191.91,元,合并,答辩评测\annual_reports_final,,
SR-140,3,归属于上市公司股东的净利润,subject=公司；metric=归属于上市公司股东的净利润；period=本期；unit=元；scope=未标明,归属于上市公司股东的净利润,本期,187158325.77,元,未标明,答辩评测\annual_reports_final,,
SR-140,4,归属于上市公司股东的扣除非经常性损益的净利润,subject=公司；metric=归属于上市公司股东的扣除非经常性损益的净利润；period=本期；unit=元；scope=未标明,归属于上市公司股东的扣除非经常性损益的净利润,本期,180392608.69,元,未标明,答辩评测\annual_reports_final,,
SR-140,5,经营活动产生的现金流量净额,subject=公司；metric=经营活动产生的现金流量净额；period=本期；unit=元；scope=未标明,经营活动产生的现金流量净额,本期,374478256.13,元,未标明,答辩评测\annual_reports_final,,
SR-140,6,归属于上市公司股东的净资产,subject=公司；metric=归属于上市公司股东的净资产；period=本期；unit=元；scope=合并,归属于上市公司股东的净资产,本期,3272095509.83,元,合并,答辩评测\annual_reports_final,,
SR-140,7,总资产,subject=公司；metric=总资产；period=本期；unit=元；scope=合并,总资产,本期,5462392753.24,元,合并,答辩评测\annual_reports_final,,
SR-140,8,基本每股收益（元／股）,subject=公司；metric=基本每股收益（元／股）；period=本期；unit=%；scope=未标明,基本每股收益（元／股）,本期,0.35,%,未标明,答辩评测\annual_reports_final,,
SR-140,9,营业收入@14页,subject=公司；metric=营业收入；period=本期；unit=元；scope=未标明,营业收入,本期,2807383491.57,元,未标明,答辩评测\annual_reports_final,,
SR-140,10,归属于上市公司股东的净资产@上期,subject=公司；metric=归属于上市公司股东的净资产；period=上期；unit=元；scope=合并,归属于上市公司股东的净资产,上期,3137214569.96,元,合并,答辩评测\annual_reports_final,,
SR-140,11,总资产@上期,subject=公司；metric=总资产；period=上期；unit=元；scope=合并,总资产,上期,4847729040.6,元,合并,答辩评测\annual_reports_final,,
SR-140,12,营业成本,subject=公司；metric=营业成本；period=本期；unit=元；scope=合并,营业成本,本期,2203216044.34,元,合并,答辩评测\annual_reports_final,,
SR-140,13,销售费用,subject=公司；metric=销售费用；period=本期；unit=元；scope=合并,销售费用,本期,35581604.79,元,合并,答辩评测\annual_reports_final,,
SR-140,14,管理费用,subject=公司；metric=管理费用；period=本期；unit=元；scope=合并,管理费用,本期,146978634.71,元,合并,答辩评测\annual_reports_final,,
SR-140,15,财务费用,subject=公司；metric=财务费用；period=本期；unit=元；scope=合并,财务费用,本期,-43531352.57,元,合并,答辩评测\annual_reports_final,,
SR-140,16,研发费用,subject=公司；metric=研发费用；period=本期；unit=元；scope=合并,研发费用,本期,161040410.63,元,合并,答辩评测\annual_reports_final,,
SR-140,17,营业收入@6页,subject=公司；metric=营业收入；period=本期；unit=元；scope=未标明,营业收入,本期,2807383491.57,元,未标明,答辩评测\annual_reports_final,,
SR-140,18,营业成本@上期,subject=公司；metric=营业成本；period=上期；unit=元；scope=合并,营业成本,上期,1994980975.33,元,合并,答辩评测\annual_reports_final,,
SR-140,19,销售费用@上期,subject=公司；metric=销售费用；period=上期；unit=元；scope=合并,销售费用,上期,33457009.43,元,合并,答辩评测\annual_reports_final,,
SR-140,20,销售费用@19页,subject=公司；metric=销售费用；period=本期；unit=元；scope=未标明,销售费用,本期,35581604.79,元,未标明,答辩评测\annual_reports_final,,
SR-140,21,管理费用@上期,subject=公司；metric=管理费用；period=上期；unit=元；scope=合并,管理费用,上期,135327876.12,元,合并,答辩评测\annual_reports_final,,
SR-140,22,财务费用@上期,subject=公司；metric=财务费用；period=上期；unit=元；scope=合并,财务费用,上期,-18803366.15,元,合并,答辩评测\annual_reports_final,,
SR-140,23,财务费用@19页,subject=公司；metric=财务费用；period=本期；unit=元；scope=未标明,财务费用,本期,-43531352.57,元,未标明,答辩评测\annual_reports_final,,
SR-140,24,研发费用@上期,subject=公司；metric=研发费用；period=上期；unit=元；scope=合并,研发费用,上期,128637352.16,元,合并,答辩评测\annual_reports_final,,
SR-140,25,研发费用@19页,subject=公司；metric=研发费用；period=本期；unit=元；scope=未标明,研发费用,本期,161040410.63,元,未标明,答辩评测\annual_reports_final,,
SR-140,26,销售费用@14页,subject=公司；metric=销售费用；period=本期；unit=元；scope=未标明,销售费用,本期,35581604.79,元,未标明,答辩评测\annual_reports_final,,
SR-140,27,研发费用@14页,subject=公司；metric=研发费用；period=本期；unit=元；scope=未标明,研发费用,本期,161040410.63,元,未标明,答辩评测\annual_reports_final,,
SR-140,28,财务费用@14页,subject=公司；metric=财务费用；period=本期；unit=元；scope=未标明,财务费用,本期,-43531352.57,元,未标明,答辩评测\annual_reports_final,,
SR-140,29,应收票据,subject=公司；metric=应收票据；period=本期；unit=元；scope=合并,应收票据,本期,11017411.0,元,合并,答辩评测\annual_reports_final,,
SR-140,30,应收票据@上期,subject=公司；metric=应收票据；period=上期；unit=元；scope=合并,应收票据,上期,50109800.0,元,合并,答辩评测\annual_reports_final,,
SR-140,31,投资活动产生的现金流量净额,subject=公司；metric=投资活动产生的现金流量净额；period=本期；unit=元；scope=未标明,投资活动产生的现金流量净额,本期,-129401345.75,元,未标明,答辩评测\annual_reports_final,,
SR-140,32,筹资活动产生的现金流量净额,subject=公司；metric=筹资活动产生的现金流量净额；period=本期；unit=元；scope=未标明,筹资活动产生的现金流量净额,本期,-42352337.74,元,未标明,答辩评测\annual_reports_final,,
SR-140,33,货币资金,subject=公司；metric=货币资金；period=本期；unit=元；scope=未标明,货币资金,本期,2174441336.49,元,未标明,答辩评测\annual_reports_final,,
SR-140,34,应收账款,subject=公司；metric=应收账款；period=本期；unit=元；scope=未标明,应收账款,本期,427245283.6,元,未标明,答辩评测\annual_reports_final,,
SR-140,35,应收款项融资,subject=公司；metric=应收款项融资；period=本期；unit=元；scope=合并,应收款项融资,本期,49274067.59,元,合并,答辩评测\annual_reports_final,,
SR-140,36,其他应收款,subject=公司；metric=其他应收款；period=本期；unit=元；scope=合并,其他应收款,本期,23324316.54,元,合并,答辩评测\annual_reports_final,,
SR-140,37,其他应收款@上期,subject=公司；metric=其他应收款；period=上期；unit=元；scope=合并,其他应收款,上期,17254439.58,元,合并,答辩评测\annual_reports_final,,
SR-140,38,存货,subject=公司；metric=存货；period=本期；unit=元；scope=合并,存货,本期,228535255.82,元,合并,答辩评测\annual_reports_final,,
SR-140,39,存货@上期,subject=公司；metric=存货；period=上期；unit=元；scope=合并,存货,上期,133144024.38,元,合并,答辩评测\annual_reports_final,,
SR-140,40,合同资产,subject=公司；metric=合同资产；period=本期；unit=元；scope=合并,合同资产,本期,1230639533.94,元,合并,答辩评测\annual_reports_final,,
SR-140,41,合同资产@上期,subject=公司；metric=合同资产；period=上期；unit=元；scope=合并,合同资产,上期,895938481.63,元,合并,答辩评测\annual_reports_final,,
SR-140,42,其他流动资产,subject=公司；metric=其他流动资产；period=本期；unit=元；scope=合并,其他流动资产,本期,28863177.05,元,合并,答辩评测\annual_reports_final,,
SR-140,43,其他流动资产@上期,subject=公司；metric=其他流动资产；period=上期；unit=元；scope=合并,其他流动资产,上期,6180910.68,元,合并,答辩评测\annual_reports_final,,
SR-140,44,长期应收款,subject=公司；metric=长期应收款；period=本期；unit=元；scope=合并,长期应收款,本期,134499299.2,元,合并,答辩评测\annual_reports_final,,
SR-140,45,长期应收款@上期,subject=公司；metric=长期应收款；period=上期；unit=元；scope=合并,长期应收款,上期,194120535.92,元,合并,答辩评测\annual_reports_final,,
SR-140,46,在建工程,subject=公司；metric=在建工程；period=本期；unit=元；scope=合并,在建工程,本期,65251360.12,元,合并,答辩评测\annual_reports_final,,
SR-140,47,在建工程@上期,subject=公司；metric=在建工程；period=上期；unit=元；scope=合并,在建工程,上期,10873660.6,元,合并,答辩评测\annual_reports_final,,
SR-140,48,递延所得税资产,subject=公司；metric=递延所得税资产；period=本期；unit=元；scope=合并,递延所得税资产,本期,50961569.22,元,合并,答辩评测\annual_reports_final,,
SR-140,49,递延所得税资产@上期,subject=公司；metric=递延所得税资产；period=上期；unit=元；scope=合并,递延所得税资产,上期,34772090.52,元,合并,答辩评测\annual_reports_final,,
SR-141,1,营业收入,subject=公司；metric=营业收入；period=本期；unit=元；scope=合并,营业收入,本期,10114212908.77,元,合并,答辩评测\annual_reports_final,,
SR-141,2,营业收入@上期,subject=公司；metric=营业收入；period=上期；unit=元；scope=合并,营业收入,上期,12075139759.63,元,合并,答辩评测\annual_reports_final,,
SR-141,3,扣除与主营业务无关的业务收入和不具备商业实质的收入后的营业收入,subject=公司；metric=扣除与主营业务无关的业务收入和不具备商业实质的收入后的营业收入；period=本期；unit=元；scope=未标明,扣除与主营业务无关的业务收入和不具备商业实质的收入后的营业收入,本期,10062667141.68,元,未标明,答辩评测\annual_reports_final,,
SR-141,4,归属于上市公司股东的净利润,subject=公司；metric=归属于上市公司股东的净利润；period=本期；unit=元；scope=合并,归属于上市公司股东的净利润,本期,-1271270080.21,元,合并,答辩评测\annual_reports_final,,
SR-141,5,归属于上市公司股东的扣除非经常性损益的净利润,subject=公司；metric=归属于上市公司股东的扣除非经常性损益的净利润；period=本期；unit=元；scope=未标明,归属于上市公司股东的扣除非经常性损益的净利润,本期,-1411664355.3,元,未标明,答辩评测\annual_reports_final,,
SR-141,6,经营活动产生的现金流量净额,subject=公司；metric=经营活动产生的现金流量净额；period=本期；unit=元；scope=未标明,经营活动产生的现金流量净额,本期,-3948778914.29,元,未标明,答辩评测\annual_reports_final,,
SR-141,7,归属于上市公司股东的净资产,subject=公司；metric=归属于上市公司股东的净资产；period=本期；unit=元；scope=未标明,归属于上市公司股东的净资产,本期,5865195128.37,元,未标明,答辩评测\annual_reports_final,,
SR-141,8,总资产,subject=公司；metric=总资产；period=本期；unit=元；scope=未标明,总资产,本期,25857415570.16,元,未标明,答辩评测\annual_reports_final,,
SR-141,9,归属于上市公司股东的净利润@上期,subject=公司；metric=归属于上市公司股东的净利润；period=上期；unit=元；scope=合并,归属于上市公司股东的净利润,上期,-338066603.73,元,合并,答辩评测\annual_reports_final,,
SR-141,10,营业成本,subject=公司；metric=营业成本；period=本期；unit=元；scope=未标明,营业成本,本期,9447072966.47,元,未标明,答辩评测\annual_reports_final,,
SR-141,11,销售费用,subject=公司；metric=销售费用；period=本期；unit=元；scope=未标明,销售费用,本期,1162788076.91,元,未标明,答辩评测\annual_reports_final,,
SR-141,12,管理费用,subject=公司；metric=管理费用；period=本期；unit=元；scope=未标明,管理费用,本期,551794309.79,元,未标明,答辩评测\annual_reports_final,,
SR-141,13,财务费用,subject=公司；metric=财务费用；period=本期；unit=元；scope=未标明,财务费用,本期,112491529.61,元,未标明,答辩评测\annual_reports_final,,
SR-141,14,研发费用,subject=公司；metric=研发费用；period=本期；unit=元；scope=未标明,研发费用,本期,658045965.97,元,未标明,答辩评测\annual_reports_final,,
SR-142,1,营业收入,subject=公司；metric=营业收入；period=本期；unit=元；scope=合并,营业收入,本期,4472959966.07,元,合并,答辩评测\annual_reports_final,,
SR-142,2,营业收入@上期,subject=公司；metric=营业收入；period=上期；unit=元；scope=合并,营业收入,上期,4611795493.7,元,合并,答辩评测\annual_reports_final,,
SR-142,3,归属于上市公司股东的净利润,subject=公司；metric=归属于上市公司股东的净利润；period=本期；unit=元；scope=未标明,归属于上市公司股东的净利润,本期,1064617401.84,元,未标明,答辩评测\annual_reports_final,,
SR-142,4,归属于上市公司股东的扣除非经常性损益的净利润,subject=公司；metric=归属于上市公司股东的扣除非经常性损益的净利润；period=本期；unit=元；scope=未标明,归属于上市公司股东的扣除非经常性损益的净利润,本期,1040295279.35,元,未标明,答辩评测\annual_reports_final,,
SR-142,5,经营活动产生的现金流量净额,subject=公司；metric=经营活动产生的现金流量净额；period=本期；unit=元；scope=未标明,经营活动产生的现金流量净额,本期,634588914.59,元,未标明,答辩评测\annual_reports_final,,
SR-142,6,归属于上市公司股东的净资产,subject=公司；metric=归属于上市公司股东的净资产；period=本期；unit=元；scope=未标明,归属于上市公司股东的净资产,本期,4340453396.59,元,未标明,答辩评测\annual_reports_final,,
SR-142,7,总资产,subject=公司；metric=总资产；period=本期；unit=元；scope=未标明,总资产,本期,5355179866.68,元,未标明,答辩评测\annual_reports_final,,
SR-142,8,营业成本,subject=公司；metric=营业成本；period=本期；unit=元；scope=未标明,营业成本,本期,2688280527.28,元,未标明,答辩评测\annual_reports_final,,
SR-142,9,销售费用,subject=公司；metric=销售费用；period=本期；unit=元；scope=未标明,销售费用,本期,310506180.42,元,未标明,答辩评测\annual_reports_final,,
SR-142,10,管理费用,subject=公司；metric=管理费用；period=本期；unit=元；scope=未标明,管理费用,本期,111226370.68,元,未标明,答辩评测\annual_reports_final,,
SR-142,11,财务费用,subject=公司；metric=财务费用；period=本期；unit=元；scope=未标明,财务费用,本期,-140879828.52,元,未标明,答辩评测\annual_reports_final,,
SR-142,12,研发费用,subject=公司；metric=研发费用；period=本期；unit=元；scope=未标明,研发费用,本期,274932384.47,元,未标明,答辩评测\annual_reports_final,,
SR-143,1,营业收入,subject=公司；metric=营业收入；period=本期；unit=元；scope=合并,营业收入,本期,2264832923.68,元,合并,答辩评测\annual_reports_final,,
SR-143,2,营业收入@上期,subject=公司；metric=营业收入；period=上期；unit=元；scope=合并,营业收入,上期,2823166116.56,元,合并,答辩评测\annual_reports_final,,
SR-143,3,归属于上市公司股东的净利润,subject=公司；metric=归属于上市公司股东的净利润；period=本期；unit=元；scope=未标明,归属于上市公司股东的净利润,本期,217238675.34,元,未标明,答辩评测\annual_reports_final,,
SR-143,4,归属于上市公司股东的扣除非经常性损益的净利润,subject=公司；metric=归属于上市公司股东的扣除非经常性损益的净利润；period=本期；unit=元；scope=合并,归属于上市公司股东的扣除非经常性损益的净利润,本期,158207862.82,元,合并,答辩评测\annual_reports_final,,
SR-143,5,经营活动产生的现金流量净额,subject=公司；metric=经营活动产生的现金流量净额；period=本期；unit=元；scope=未标明,经营活动产生的现金流量净额,本期,463350233.52,元,未标明,答辩评测\annual_reports_final,,
SR-143,6,归属于上市公司股东的净资产,subject=公司；metric=归属于上市公司股东的净资产；period=本期；unit=元；scope=未标明,归属于上市公司股东的净资产,本期,3098741980.95,元,未标明,答辩评测\annual_reports_final,,
SR-143,7,总资产,subject=公司；metric=总资产；period=本期；unit=元；scope=未标明,总资产,本期,4553266402.27,元,未标明,答辩评测\annual_reports_final,,
SR-143,8,基本每股收益（元／股）,subject=公司；metric=基本每股收益（元／股）；period=本期；unit=元；scope=未标明,基本每股收益（元／股）,本期,0.7,元,未标明,答辩评测\annual_reports_final,,
SR-143,9,归属于上市公司股东的扣除非经常性损益的净利润@上期,subject=公司；metric=归属于上市公司股东的扣除非经常性损益的净利润；period=上期；unit=元；scope=合并,归属于上市公司股东的扣除非经常性损益的净利润,上期,248452626.14,元,合并,答辩评测\annual_reports_final,,
SR-143,10,营业成本,subject=公司；metric=营业成本；period=本期；unit=元；scope=未标明,营业成本,本期,1470719345.23,元,未标明,答辩评测\annual_reports_final,,
SR-143,11,销售费用,subject=公司；metric=销售费用；period=本期；unit=元；scope=未标明,销售费用,本期,291983810.47,元,未标明,答辩评测\annual_reports_final,,
SR-143,12,管理费用,subject=公司；metric=管理费用；period=本期；unit=元；scope=未标明,管理费用,本期,153657242.12,元,未标明,答辩评测\annual_reports_final,,
SR-143,13,财务费用,subject=公司；metric=财务费用；period=本期；unit=元；scope=未标明,财务费用,本期,33798023.2,元,未标明,答辩评测\annual_reports_final,,
SR-144,1,营业收入,subject=公司；metric=营业收入；period=本期；unit=元；scope=合并,营业收入,本期,5456563528.74,元,合并,答辩评测\annual_reports_final,,
SR-144,2,营业收入@上期,subject=公司；metric=营业收入；period=上期；unit=元；scope=合并,营业收入,上期,5026952246.06,元,合并,答辩评测\annual_reports_final,,
SR-144,3,归属于上市公司股东的净利润,subject=公司；metric=归属于上市公司股东的净利润；period=本期；unit=元；scope=合并,归属于上市公司股东的净利润,本期,82723583.09,元,合并,答辩评测\annual_reports_final,,
SR-144,4,归属于上市公司股东的扣除非经常性损益的净利润,subject=公司；metric=归属于上市公司股东的扣除非经常性损益的净利润；period=本期；unit=元；scope=未标明,归属于上市公司股东的扣除非经常性损益的净利润,本期,108193247.04,元,未标明,答辩评测\annual_reports_final,,
SR-144,5,经营活动产生的现金流量净额,subject=公司；metric=经营活动产生的现金流量净额；period=本期；unit=元；scope=未标明,经营活动产生的现金流量净额,本期,355401267.79,元,未标明,答辩评测\annual_reports_final,,
SR-144,6,归属于上市公司股东的净资产,subject=公司；metric=归属于上市公司股东的净资产；period=本期；unit=元；scope=未标明,归属于上市公司股东的净资产,本期,2514207143.33,元,未标明,答辩评测\annual_reports_final,,
SR-144,7,总资产,subject=公司；metric=总资产；period=本期；unit=元；scope=未标明,总资产,本期,6486300111.06,元,未标明,答辩评测\annual_reports_final,,
SR-144,8,基本每股收益（元／股）,subject=公司；metric=基本每股收益（元／股）；period=本期；unit=元；scope=未标明,基本每股收益（元／股）,本期,0.43,元,未标明,答辩评测\annual_reports_final,,
SR-144,9,营业收入@18页,subject=公司；metric=营业收入；period=本期；unit=元；scope=未标明,营业收入,本期,5456563528.74,元,未标明,答辩评测\annual_reports_final,,
SR-144,10,归属于上市公司股东的净利润@上期,subject=公司；metric=归属于上市公司股东的净利润；period=上期；unit=元；scope=合并,归属于上市公司股东的净利润,上期,227614597.8,元,合并,答辩评测\annual_reports_final,,
SR-144,11,营业成本,subject=公司；metric=营业成本；period=本期；unit=元；scope=未标明,营业成本,本期,4980772389.51,元,未标明,答辩评测\annual_reports_final,,
SR-144,12,销售费用,subject=公司；metric=销售费用；period=本期；unit=元；scope=未标明,销售费用,本期,54702435.5,元,未标明,答辩评测\annual_reports_final,,
SR-144,13,营业收入@8页,subject=公司；metric=营业收入；period=本期；unit=元；scope=未标明,营业收入,本期,5456563528.74,元,未标明,答辩评测\annual_reports_final,,
SR-145,1,营业收入,subject=公司；metric=营业收入；period=本期；unit=元；scope=合并,营业收入,本期,2847663976.4,元,合并,答辩评测\annual_reports_final,,
SR-145,2,营业收入@上期,subject=公司；metric=营业收入；period=上期；unit=元；scope=合并,营业收入,上期,1636312828.42,元,合并,答辩评测\annual_reports_final,,
SR-145,3,营业成本,subject=公司；metric=营业成本；period=本期；unit=元；scope=未标明,营业成本,本期,2344503297.99,元,未标明,答辩评测\annual_reports_final,,
SR-145,4,销售费用,subject=公司；metric=销售费用；period=本期；unit=元；scope=未标明,销售费用,本期,120696830.0,元,未标明,答辩评测\annual_reports_final,,
SR-145,5,管理费用,subject=公司；metric=管理费用；period=本期；unit=元；scope=未标明,管理费用,本期,77778489.76,元,未标明,答辩评测\annual_reports_final,,
SR-145,6,财务费用,subject=公司；metric=财务费用；period=本期；unit=元；scope=未标明,财务费用,本期,29515541.51,元,未标明,答辩评测\annual_reports_final,,
SR-145,7,研发费用,subject=公司；metric=研发费用；period=本期；unit=元；scope=合并,研发费用,本期,91985120.01,元,合并,答辩评测\annual_reports_final,,
SR-145,8,经营活动产生的现金流量净额,subject=公司；metric=经营活动产生的现金流量净额；period=本期；unit=元；scope=未标明,经营活动产生的现金流量净额,本期,-219277385.66,元,未标明,答辩评测\annual_reports_final,,
SR-145,9,营业收入@8页,subject=公司；metric=营业收入；period=本期；unit=元；scope=未标明,营业收入,本期,2847663976.4,元,未标明,答辩评测\annual_reports_final,,
SR-145,10,研发费用@上期,subject=公司；metric=研发费用；period=上期；unit=元；scope=合并,研发费用,上期,59445346.09,元,合并,答辩评测\annual_reports_final,,
SR-146,1,营业收入,subject=公司；metric=营业收入；period=本期；unit=元；scope=合并,营业收入,本期,1216827863.66,元,合并,答辩评测\annual_reports_final,,
SR-146,2,营业收入@上期,subject=公司；metric=营业收入；period=上期；unit=元；scope=合并,营业收入,上期,2069101995.78,元,合并,答辩评测\annual_reports_final,,
SR-146,3,归属于上市公司股东的净利润,subject=公司；metric=归属于上市公司股东的净利润；period=本期；unit=元；scope=未标明,归属于上市公司股东的净利润,本期,-401449354.05,元,未标明,答辩评测\annual_reports_final,,
SR-146,4,归属于上市公司股东的扣除非经常性损益的净利润,subject=公司；metric=归属于上市公司股东的扣除非经常性损益的净利润；period=本期；unit=元；scope=未标明,归属于上市公司股东的扣除非经常性损益的净利润,本期,-399310007.44,元,未标明,答辩评测\annual_reports_final,,
SR-146,5,经营活动产生的现金流量净额,subject=公司；metric=经营活动产生的现金流量净额；period=本期；unit=元；scope=未标明,经营活动产生的现金流量净额,本期,-159911092.46,元,未标明,答辩评测\annual_reports_final,,
SR-146,6,归属于上市公司股东的净资产,subject=公司；metric=归属于上市公司股东的净资产；period=本期；unit=元；scope=未标明,归属于上市公司股东的净资产,本期,139177676.16,元,未标明,答辩评测\annual_reports_final,,
SR-146,7,总资产,subject=公司；metric=总资产；period=本期；unit=元；scope=未标明,总资产,本期,2817617437.15,元,未标明,答辩评测\annual_reports_final,,
SR-146,8,基本每股收益（元／股）,subject=公司；metric=基本每股收益（元／股）；period=本期；unit=%；scope=未标明,基本每股收益（元／股）,本期,-0.82,%,未标明,答辩评测\annual_reports_final,,
SR-146,9,营业成本,subject=公司；metric=营业成本；period=本期；unit=元；scope=未标明,营业成本,本期,1113994918.42,元,未标明,答辩评测\annual_reports_final,,
SR-146,10,销售费用,subject=公司；metric=销售费用；period=本期；unit=元；scope=未标明,销售费用,本期,34948681.82,元,未标明,答辩评测\annual_reports_final,,
SR-146,11,管理费用,subject=公司；metric=管理费用；period=本期；unit=元；scope=未标明,管理费用,本期,137037110.15,元,未标明,答辩评测\annual_reports_final,,
SR-146,12,财务费用,subject=公司；metric=财务费用；period=本期；unit=元；scope=未标明,财务费用,本期,21418375.08,元,未标明,答辩评测\annual_reports_final,,
SR-146,13,研发费用,subject=公司；metric=研发费用；period=本期；unit=元；scope=未标明,研发费用,本期,118038514.49,元,未标明,答辩评测\annual_reports_final,,
SR-147,1,营业收入,subject=公司；metric=营业收入；period=本期；unit=元；scope=合并,营业收入,本期,541251205.97,元,合并,答辩评测\annual_reports_final,,
SR-147,2,营业收入@上期,subject=公司；metric=营业收入；period=上期；unit=元；scope=合并,营业收入,上期,3556551569.15,元,合并,答辩评测\annual_reports_final,,
SR-147,3,扣除与主营业务无关的业务收入和不具备商业实质的收入后的营业收入,subject=公司；metric=扣除与主营业务无关的业务收入和不具备商业实质的收入后的营业收入；period=本期；unit=元；scope=未标明,扣除与主营业务无关的业务收入和不具备商业实质的收入后的营业收入,本期,537896345.94,元,未标明,答辩评测\annual_reports_final,,
SR-147,4,归属于上市公司股东的净利润,subject=公司；metric=归属于上市公司股东的净利润；period=本期；unit=元；scope=合并,归属于上市公司股东的净利润,本期,27382940.5,元,合并,答辩评测\annual_reports_final,,
SR-147,5,归属于上市公司股东的扣除非经常性损益的净利润,subject=公司；metric=归属于上市公司股东的扣除非经常性损益的净利润；period=本期；unit=元；scope=未标明,归属于上市公司股东的扣除非经常性损益的净利润,本期,-59329923.26,元,未标明,答辩评测\annual_reports_final,,
SR-147,6,经营活动产生的现金流量净额,subject=公司；metric=经营活动产生的现金流量净额；period=本期；unit=元；scope=合并,经营活动产生的现金流量净额,本期,-51949238.2,元,合并,答辩评测\annual_reports_final,,
SR-147,7,归属于上市公司股东的净资产,subject=公司；metric=归属于上市公司股东的净资产；period=本期；unit=元；scope=未标明,归属于上市公司股东的净资产,本期,3359976486.12,元,未标明,答辩评测\annual_reports_final,,
SR-147,8,总资产,subject=公司；metric=总资产；period=本期；unit=元；scope=未标明,总资产,本期,3560592952.1,元,未标明,答辩评测\annual_reports_final,,
SR-147,9,营业收入@37页,subject=公司；metric=营业收入；period=本期；unit=元；scope=未标明,营业收入,本期,541251205.97,元,未标明,答辩评测\annual_reports_final,,
SR-147,10,归属于上市公司股东的净利润@上期,subject=公司；metric=归属于上市公司股东的净利润；period=上期；unit=元；scope=合并,归属于上市公司股东的净利润,上期,944736633.48,元,合并,答辩评测\annual_reports_final,,
SR-147,11,经营活动产生的现金流量净额@上期,subject=公司；metric=经营活动产生的现金流量净额；period=上期；unit=元；scope=合并,经营活动产生的现金流量净额,上期,978753167.93,元,合并,答辩评测\annual_reports_final,,
SR-147,12,研发投入占营业收入的比例（%）,subject=公司；metric=研发投入占营业收入的比例（%）；period=本期；unit=%；scope=合并,研发投入占营业收入的比例（%）,本期,24.29,%,合并,答辩评测\annual_reports_final,,
SR-147,13,研发投入占营业收入的比例（%）@上期,subject=公司；metric=研发投入占营业收入的比例（%）；period=上期；unit=%；scope=合并,研发投入占营业收入的比例（%）,上期,5.37,%,合并,答辩评测\annual_reports_final,,
SR-147,14,营业成本,subject=公司；metric=营业成本；period=本期；unit=元；scope=母公司,营业成本,本期,232994996.71,元,母公司,答辩评测\annual_reports_final,,
SR-147,15,销售费用,subject=公司；metric=销售费用；period=本期；unit=元；scope=母公司,销售费用,本期,171153585.54,元,母公司,答辩评测\annual_reports_final,,
SR-147,16,营业收入@8页,subject=公司；metric=营业收入；period=本期；unit=元；scope=未标明,营业收入,本期,541251205.97,元,未标明,答辩评测\annual_reports_final,,
SR-147,17,营业成本@上期,subject=公司；metric=营业成本；period=上期；unit=元；scope=母公司,营业成本,上期,1646278958.75,元,母公司,答辩评测\annual_reports_final,,
SR-147,18,销售费用@上期,subject=公司；metric=销售费用；period=上期；unit=元；scope=母公司,销售费用,上期,268917635.98,元,母公司,答辩评测\annual_reports_final,,
SR-148,1,研发费用,subject=公司；metric=研发费用；period=本期；unit=元；scope=合并,研发费用,本期,32321446.61,元,合并,答辩评测\annual_reports_final,,
SR-148,2,销售费用,subject=公司；metric=销售费用；period=本期；unit=元；scope=未标明,销售费用,本期,18403811.91,元,未标明,答辩评测\annual_reports_final,,
SR-148,3,管理费用,subject=公司；metric=管理费用；period=本期；unit=元；scope=未标明,管理费用,本期,31816544.55,元,未标明,答辩评测\annual_reports_final,,
SR-148,4,财务费用,subject=公司；metric=财务费用；period=本期；unit=元；scope=未标明,财务费用,本期,-14996150.44,元,未标明,答辩评测\annual_reports_final,,
SR-148,5,投资活动产生的现金流量净额,subject=公司；metric=投资活动产生的现金流量净额；period=本期；unit=元；scope=合并,投资活动产生的现金流量净额,本期,-47804723.63,元,合并,答辩评测\annual_reports_final,,
SR-148,6,经营活动现金流入小计,subject=公司；metric=经营活动现金流入小计；period=本期；unit=元；scope=未标明,经营活动现金流入小计,本期,410345316.74,元,未标明,答辩评测\annual_reports_final,,
SR-148,7,经营活动现金流出小计,subject=公司；metric=经营活动现金流出小计；period=本期；unit=元；scope=未标明,经营活动现金流出小计,本期,335321556.45,元,未标明,答辩评测\annual_reports_final,,
SR-148,8,经营活动产生的现金流量净额,subject=公司；metric=经营活动产生的现金流量净额；period=本期；unit=元；scope=未标明,经营活动产生的现金流量净额,本期,75023760.29,元,未标明,答辩评测\annual_reports_final,,
SR-148,9,投资活动现金流入小计,subject=公司；metric=投资活动现金流入小计；period=本期；unit=元；scope=未标明,投资活动现金流入小计,本期,41836636.33,元,未标明,答辩评测\annual_reports_final,,
SR-148,10,投资活动现金流出小计,subject=公司；metric=投资活动现金流出小计；period=本期；unit=元；scope=未标明,投资活动现金流出小计,本期,89641359.96,元,未标明,答辩评测\annual_reports_final,,
SR-148,11,筹资活动现金流入小计,subject=公司；metric=筹资活动现金流入小计；period=本期；unit=元；scope=合并,筹资活动现金流入小计,本期,90600969.63,元,合并,答辩评测\annual_reports_final,,
SR-148,12,筹资活动现金流入小计@上期,subject=公司；metric=筹资活动现金流入小计；period=上期；unit=元；scope=合并,筹资活动现金流入小计,上期,776010063.47,元,合并,答辩评测\annual_reports_final,,
SR-148,13,现金及现金等价物净增加额,subject=公司；metric=现金及现金等价物净增加额；period=本期；unit=元；scope=合并,现金及现金等价物净增加额,本期,-59049204.7,元,合并,答辩评测\annual_reports_final,,
SR-148,14,现金及现金等价物净增加额@上期,subject=公司；metric=现金及现金等价物净增加额；period=上期；unit=元；scope=合并,现金及现金等价物净增加额,上期,559623654.96,元,合并,答辩评测\annual_reports_final,,
SR-149,1,营业收入,subject=公司；metric=营业收入；period=本期；unit=元；scope=合并,营业收入,本期,3656397063.41,元,合并,答辩评测\annual_reports_final,,
SR-149,2,营业收入@上期,subject=公司；metric=营业收入；period=上期；unit=元；scope=合并,营业收入,上期,4035650455.55,元,合并,答辩评测\annual_reports_final,,
SR-149,3,归属于上市公司股东的净利润,subject=公司；metric=归属于上市公司股东的净利润；period=本期；unit=元；scope=未标明,归属于上市公司股东的净利润,本期,411142986.1,元,未标明,答辩评测\annual_reports_final,,
SR-149,4,归属于上市公司股东的扣除非经常性损益的净利润,subject=公司；metric=归属于上市公司股东的扣除非经常性损益的净利润；period=本期；unit=元；scope=合并,归属于上市公司股东的扣除非经常性损益的净利润,本期,334769873.05,元,合并,答辩评测\annual_reports_final,,
SR-149,5,经营活动产生的现金流量净额,subject=公司；metric=经营活动产生的现金流量净额；period=本期；unit=元；scope=未标明,经营活动产生的现金流量净额,本期,288427248.53,元,未标明,答辩评测\annual_reports_final,,
SR-149,6,归属于上市公司股东的净资产,subject=公司；metric=归属于上市公司股东的净资产；period=本期；unit=元；scope=未标明,归属于上市公司股东的净资产,本期,3486739888.28,元,未标明,答辩评测\annual_reports_final,,
SR-149,7,总资产,subject=公司；metric=总资产；period=本期；unit=元；scope=未标明,总资产,本期,4685550007.97,元,未标明,答辩评测\annual_reports_final,,
SR-149,8,营业收入@23页,subject=公司；metric=营业收入；period=本期；unit=元；scope=未标明,营业收入,本期,3656397063.41,元,未标明,答辩评测\annual_reports_final,,
SR-149,9,营业成本,subject=公司；metric=营业成本；period=本期；unit=元；scope=未标明,营业成本,本期,2668881010.57,元,未标明,答辩评测\annual_reports_final,,
SR-149,10,销售费用,subject=公司；metric=销售费用；period=本期；unit=元；scope=合并,销售费用,本期,228588642.76,元,合并,答辩评测\annual_reports_final,,
SR-149,11,管理费用,subject=公司；metric=管理费用；period=本期；unit=元；scope=合并,管理费用,本期,214836160.91,元,合并,答辩评测\annual_reports_final,,
SR-149,12,研发费用,subject=公司；metric=研发费用；period=本期；unit=元；scope=未标明,研发费用,本期,7026172.99,元,未标明,答辩评测\annual_reports_final,,
SR-149,13,财务费用,subject=公司；metric=财务费用；period=本期；unit=元；scope=合并,财务费用,本期,5856832.07,元,合并,答辩评测\annual_reports_final,,
SR-149,14,投资收益,subject=公司；metric=投资收益；period=本期；unit=元；scope=未标明,投资收益,本期,699132.31,元,未标明,答辩评测\annual_reports_final,,
SR-149,15,营业收入@6页,subject=公司；metric=营业收入；period=本期；unit=元；scope=未标明,营业收入,本期,3656397063.41,元,未标明,答辩评测\annual_reports_final,,
SR-149,16,销售费用@上期,subject=公司；metric=销售费用；period=上期；unit=元；scope=合并,销售费用,上期,244521323.57,元,合并,答辩评测\annual_reports_final,,
SR-149,17,管理费用@上期,subject=公司；metric=管理费用；period=上期；unit=元；scope=合并,管理费用,上期,232952041.87,元,合并,答辩评测\annual_reports_final,,
SR-149,18,财务费用@上期,subject=公司；metric=财务费用；period=上期；unit=元；scope=合并,财务费用,上期,9331908.48,元,合并,答辩评测\annual_reports_final,,
SR-150,1,营业收入（元）,subject=公司；metric=营业收入（元）；period=本期；unit=元；scope=合并,营业收入（元）,本期,1123334693.3,元,合并,答辩评测\annual_reports_final,,
SR-150,2,营业收入（元）@上期,subject=公司；metric=营业收入（元）；period=上期；unit=元；scope=合并,营业收入（元）,上期,1538747962.42,元,合并,答辩评测\annual_reports_final,,
SR-150,3,归属于上市公司股东,subject=公司；metric=归属于上市公司股东；period=本期；unit=元；scope=未标明,归属于上市公司股东,本期,-73370805.06,元,未标明,答辩评测\annual_reports_final,,
SR-150,4,经营活动产生的现金,subject=公司；metric=经营活动产生的现金；period=本期；unit=元；scope=合并,经营活动产生的现金,本期,6236533.0,元,合并,答辩评测\annual_reports_final,,
SR-150,5,基本每股收益（元/,subject=公司；metric=基本每股收益（元/；period=本期；unit=元；scope=未标明,基本每股收益（元/,本期,-0.73,元,未标明,答辩评测\annual_reports_final,,
SR-150,6,稀释每股收益（元/,subject=公司；metric=稀释每股收益（元/；period=本期；unit=元；scope=未标明,稀释每股收益（元/,本期,-0.73,元,未标明,答辩评测\annual_reports_final,,
SR-150,7,加权平均净资产收益,subject=公司；metric=加权平均净资产收益；period=本期；unit=元；scope=未标明,加权平均净资产收益,本期,-6.62,元,未标明,答辩评测\annual_reports_final,,
SR-150,8,资产总额（元）,subject=公司；metric=资产总额（元）；period=本期；unit=元；scope=未标明,资产总额（元）,本期,1346802364.74,元,未标明,答辩评测\annual_reports_final,,
